usv_timestamp,vehicle_code,battery_voltage,battery_current,battery_percentage,rssi,mode,latitude,longitude,altitude,heading,armed,gps_ok,system_status,speed,roll,pitch,yaw,temperature_system,mqtt_publish_timestamp
2026-04-16T20:02:01.760Z,USV-001,0.0,0.0,0,0,UNKNOWN,0.0,0.0,0.0,0.0,False,False,UNKNOWN,0.0,0.0,0.0,0.0,0.0,2026-04-17T03:02:01.764
2026-04-16T20:02:02.760Z,USV-001,0.0,0.0,0,0,CMODE(0),0.0,0.0,17.3,257.4,False,False,OK,0.0,-0.5,-1.8,257.4,0.0,2026-04-17T03:02:02.764
2026-04-16T20:02:03.761Z,USV-001,0.0,0.0,0,0,MANUAL,0.0,0.0,17.1,257.4,False,False,OK,0.0,-0.5,-1.7,257.4,0.0,2026-04-17T03:02:03.768
2026-04-16T20:02:04.761Z,USV-001,0.0,0.0,0,0,MANUAL,0.0,0.0,17.2,257.3,False,False,OK,0.0,-0.5,-1.8,257.3,0.0,2026-04-17T03:02:04.769
2026-04-16T20:02:05.760Z,USV-001,0.0,0.0,0,0,MANUAL,0.0,0.0,17.3,257.3,False,False,OK,0.0,-0.5,-1.8,257.3,0.0,2026-04-17T03:02:05.767
2026-04-16T20:02:06.760Z,USV-001,0.0,0.0,0,0,MANUAL,0.0,0.0,17.2,257.3,False,False,OK,0.0,-0.5,-1.7,257.3,0.0,2026-04-17T03:02:06.762
2026-04-16T20:02:07.760Z,USV-001,0.0,0.0,0,0,MANUAL,0.0,0.0,17.2,257.3,False,False,OK,0.0,-0.5,-1.7,257.3,0.0,2026-04-17T03:02:07.763
2026-04-16T20:02:08.761Z,USV-001,0.0,0.0,0,0,MANUAL,0.0,0.0,17.1,257.2,False,False,OK,0.0,-0.5,-1.7,257.2,0.0,2026-04-17T03:02:08.770
2026-04-16T20:02:09.760Z,USV-001,0.0,0.0,0,0,MANUAL,0.0,0.0,17.1,257.2,False,False,OK,0.0,-0.5,-1.7,257.2,0.0,2026-04-17T03:02:09.768
2026-04-16T20:02:10.760Z,USV-001,0.0,0.0,0,0,MANUAL,0.0,0.0,17.1,257.3,False,False,OK,0.0,-0.5,-1.8,257.3,0.0,2026-04-17T03:02:10.767
2026-04-16T20:02:11.760Z,USV-001,0.0,0.0,0,0,MANUAL,0.0,0.0,17.1,257.4,False,False,OK,0.0,-0.5,-1.8,257.4,0.0,2026-04-17T03:02:11.766
2026-04-16T20:02:12.761Z,USV-001,0.0,0.0,0,0,MANUAL,0.0,0.0,17.1,257.4,False,False,OK,0.0,-0.5,-1.8,257.4,0.0,2026-04-17T03:02:12.769
2026-04-16T20:02:13.760Z,USV-001,0.0,0.0,0,0,MANUAL,0.0,0.0,17.1,257.4,False,False,OK,0.0,-0.5,-1.8,257.4,0.0,2026-04-17T03:02:13.763
2026-04-16T20:02:14.761Z,USV-001,0.0,0.0,0,0,MANUAL,0.0,0.0,17.0,257.4,False,False,OK,0.0,-0.5,-1.8,257.4,0.0,2026-04-17T03:02:14.769
2026-04-16T20:02:15.762Z,USV-001,0.0,0.0,0,0,MANUAL,0.0,0.0,17.0,257.4,False,False,OK,0.0,-0.5,-1.8,257.4,0.0,2026-04-17T03:02:15.770
2026-04-16T20:02:16.760Z,USV-001,0.0,0.0,0,0,MANUAL,0.0,0.0,17.2,257.5,False,False,OK,0.0,-0.5,-1.8,257.5,0.0,2026-04-17T03:02:16.762
2026-04-16T20:02:17.761Z,USV-001,0.0,0.0,0,0,MANUAL,0.0,0.0,17.3,257.5,False,False,OK,0.0,-0.5,-1.8,257.5,0.0,2026-04-17T03:02:17.769
2026-04-16T20:02:18.761Z,USV-001,0.0,0.0,0,0,MANUAL,0.0,0.0,17.0,257.5,False,False,OK,0.0,-0.5,-1.8,257.5,0.0,2026-04-17T03:02:18.768
2026-04-16T20:02:19.760Z,USV-001,0.0,0.0,0,0,MANUAL,0.0,0.0,17.1,257.5,False,False,OK,0.0,-0.5,-1.8,257.5,0.0,2026-04-17T03:02:19.764
2026-04-16T20:02:20.760Z,USV-001,0.0,0.0,0,0,MANUAL,0.0,0.0,17.1,257.5,False,False,OK,0.0,-0.5,-1.8,257.5,0.0,2026-04-17T03:02:20.764
2026-04-16T20:02:21.760Z,USV-001,0.0,0.0,0,0,MANUAL,0.0,0.0,17.2,257.5,False,False,OK,0.0,-0.5,-1.8,257.5,0.0,2026-04-17T03:02:21.762
2026-04-16T20:02:22.760Z,USV-001,0.0,0.0,0,0,MANUAL,0.0,0.0,17.1,257.5,False,False,OK,0.0,-0.5,-1.8,257.5,0.0,2026-04-17T03:02:22.762
2026-04-16T20:02:23.760Z,USV-001,0.0,0.0,0,0,MANUAL,0.0,0.0,17.2,257.5,False,False,OK,0.0,-0.5,-1.8,257.5,0.0,2026-04-17T03:02:23.763
2026-04-16T20:02:24.761Z,USV-001,0.0,0.0,0,0,MANUAL,0.0,0.0,17.0,257.6,False,False,OK,0.0,-0.5,-1.8,257.6,0.0,2026-04-17T03:02:24.765
2026-04-16T20:02:25.761Z,USV-001,0.0,0.0,0,0,MANUAL,0.0,0.0,17.2,257.6,False,False,OK,0.0,-0.5,-1.8,257.6,0.0,2026-04-17T03:02:25.769
2026-04-16T20:02:26.761Z,USV-001,0.0,0.0,0,0,MANUAL,0.0,0.0,17.2,257.6,False,False,OK,0.0,-0.5,-1.8,257.6,0.0,2026-04-17T03:02:26.769
2026-04-16T20:02:27.760Z,USV-001,0.0,0.0,0,0,MANUAL,0.0,0.0,17.1,257.6,False,False,OK,0.0,-0.5,-1.8,257.6,0.0,2026-04-17T03:02:27.762
2026-04-16T20:02:28.760Z,USV-001,0.0,0.0,0,0,MANUAL,0.0,0.0,17.1,257.6,False,False,OK,0.0,-0.5,-1.8,257.6,0.0,2026-04-17T03:02:28.766
2026-04-16T20:02:29.761Z,USV-001,0.0,0.0,0,0,MANUAL,0.0,0.0,17.0,257.6,False,False,OK,0.0,-0.5,-1.8,257.6,0.0,2026-04-17T03:02:29.768
2026-04-16T20:02:30.761Z,USV-001,0.0,0.0,0,0,MANUAL,0.0,0.0,17.2,257.6,False,False,OK,0.0,-0.5,-1.8,257.6,0.0,2026-04-17T03:02:30.768
2026-04-16T20:02:31.760Z,USV-001,0.0,0.0,0,0,MANUAL,0.0,0.0,17.1,257.5,False,False,OK,0.0,-0.5,-1.8,257.5,0.0,2026-04-17T03:02:31.763
2026-04-16T20:02:32.760Z,USV-001,0.0,0.0,0,0,MANUAL,0.0,0.0,17.2,257.5,False,False,OK,0.0,-0.5,-1.8,257.5,0.0,2026-04-17T03:02:32.768
2026-04-16T20:02:33.760Z,USV-001,0.0,0.0,0,0,MANUAL,0.0,0.0,17.1,257.5,False,False,OK,0.0,-0.5,-1.8,257.5,0.0,2026-04-17T03:02:33.767
2026-04-16T20:02:34.760Z,USV-001,0.0,0.0,0,0,MANUAL,0.0,0.0,17.1,257.5,False,False,OK,0.0,-0.5,-1.8,257.5,0.0,2026-04-17T03:02:34.767
2026-04-16T20:02:35.760Z,USV-001,0.0,0.0,0,0,MANUAL,0.0,0.0,17.1,257.5,False,False,OK,0.0,-0.5,-1.8,257.5,0.0,2026-04-17T03:02:35.767
2026-04-16T20:02:36.760Z,USV-001,0.0,0.0,0,0,MANUAL,0.0,0.0,17.3,257.5,False,False,OK,0.0,-0.5,-1.8,257.5,0.0,2026-04-17T03:02:36.762
2026-04-16T20:02:37.760Z,USV-001,0.0,0.0,0,0,MANUAL,0.0,0.0,17.2,257.5,False,False,OK,0.0,-0.5,-1.8,257.5,0.0,2026-04-17T03:02:37.763
2026-04-16T20:02:38.760Z,USV-001,0.0,0.0,0,0,MANUAL,0.0,0.0,17.1,257.5,False,False,OK,0.0,-0.5,-1.8,257.5,0.0,2026-04-17T03:02:38.763
2026-04-16T20:02:39.760Z,USV-001,0.0,0.0,0,0,MANUAL,0.0,0.0,17.0,257.6,False,False,OK,0.0,-0.5,-1.8,257.6,0.0,2026-04-17T03:02:39.763
2026-04-16T20:02:40.760Z,USV-001,0.0,0.0,0,0,MANUAL,0.0,0.0,16.9,257.6,False,False,OK,0.0,-0.5,-1.8,257.6,0.0,2026-04-17T03:02:40.762
2026-04-16T20:02:41.760Z,USV-001,0.0,0.0,0,0,MANUAL,0.0,0.0,17.0,257.6,False,False,OK,0.0,-0.5,-1.8,257.6,0.0,2026-04-17T03:02:41.763
2026-04-16T20:02:42.760Z,USV-001,0.0,0.0,0,0,MANUAL,0.0,0.0,17.3,257.5,False,False,OK,0.0,-0.5,-1.8,257.5,0.0,2026-04-17T03:02:42.762
2026-04-16T20:02:43.760Z,USV-001,0.0,0.0,0,0,MANUAL,0.0,0.0,17.1,257.5,False,False,OK,0.0,-0.5,-1.8,257.5,0.0,2026-04-17T03:02:43.762
2026-04-16T20:02:44.760Z,USV-001,0.0,0.0,0,0,MANUAL,0.0,0.0,17.1,257.6,False,False,OK,0.0,-0.5,-1.8,257.6,0.0,2026-04-17T03:02:44.762
2026-04-16T20:02:45.760Z,USV-001,0.0,0.0,0,0,MANUAL,0.0,0.0,17.1,257.6,False,False,OK,0.0,-0.5,-1.8,257.6,0.0,2026-04-17T03:02:45.762
2026-04-16T20:02:46.760Z,USV-001,0.0,0.0,0,0,MANUAL,0.0,0.0,17.0,257.6,False,False,OK,0.0,-0.5,-1.8,257.6,0.0,2026-04-17T03:02:46.764
2026-04-16T20:02:47.760Z,USV-001,0.0,0.0,0,0,MANUAL,0.0,0.0,17.0,257.6,False,False,OK,0.0,-0.5,-1.8,257.6,0.0,2026-04-17T03:02:47.762
2026-04-16T20:02:48.760Z,USV-001,0.0,0.0,0,0,MANUAL,0.0,0.0,17.0,257.5,False,False,OK,0.0,-0.5,-1.8,257.5,0.0,2026-04-17T03:02:48.763
2026-04-16T20:02:49.760Z,USV-001,0.0,0.0,0,0,MANUAL,0.0,0.0,17.0,257.5,False,False,OK,0.0,-0.4,-1.8,257.5,0.0,2026-04-17T03:02:49.763
2026-04-16T20:02:50.760Z,USV-001,0.0,0.0,0,0,MANUAL,0.0,0.0,17.0,257.4,False,False,OK,0.0,-0.4,-1.8,257.4,0.0,2026-04-17T03:02:50.763
2026-04-16T20:02:51.760Z,USV-001,0.0,0.0,0,0,MANUAL,0.0,0.0,17.2,257.3,False,False,OK,0.0,-0.4,-1.8,257.3,0.0,2026-04-17T03:02:51.762
2026-04-16T20:02:52.760Z,USV-001,0.0,0.0,0,0,MANUAL,0.0,0.0,17.0,257.3,False,False,OK,0.0,-0.4,-1.8,257.3,0.0,2026-04-17T03:02:52.763
2026-04-16T20:02:53.760Z,USV-001,0.0,0.0,0,0,MANUAL,0.0,0.0,17.0,257.3,False,False,OK,0.0,-0.4,-1.8,257.3,0.0,2026-04-17T03:02:53.764
2026-04-16T20:02:54.760Z,USV-001,0.0,0.0,0,0,MANUAL,0.0,0.0,17.2,257.3,False,False,OK,0.0,-0.4,-1.7,257.3,0.0,2026-04-17T03:02:54.762
2026-04-16T20:02:55.760Z,USV-001,0.0,0.0,0,0,MANUAL,0.0,0.0,16.9,257.3,False,False,OK,0.0,-0.4,-1.7,257.3,0.0,2026-04-17T03:02:55.762
2026-04-16T20:02:56.760Z,USV-001,0.0,0.0,0,0,MANUAL,0.0,0.0,16.8,257.1,False,False,OK,0.0,-0.4,-1.7,257.1,0.0,2026-04-17T03:02:56.762
2026-04-16T20:02:57.760Z,USV-001,0.0,0.0,0,0,MANUAL,0.0,0.0,17.1,257.1,False,False,OK,0.0,-0.4,-1.7,257.1,0.0,2026-04-17T03:02:57.762
2026-04-16T20:02:58.760Z,USV-001,0.0,0.0,0,0,MANUAL,0.0,0.0,17.1,257.1,False,False,OK,0.0,-0.4,-1.7,257.1,0.0,2026-04-17T03:02:58.762
2026-04-16T20:02:59.760Z,USV-001,0.0,0.0,0,0,MANUAL,0.0,0.0,16.8,257.1,False,False,OK,0.0,-0.4,-1.7,257.1,0.0,2026-04-17T03:02:59.762
2026-04-16T20:03:00.760Z,USV-001,0.0,0.0,0,0,MANUAL,0.0,0.0,17.1,257.0,False,False,OK,0.0,-0.4,-1.7,257.0,0.0,2026-04-17T03:03:00.763
2026-04-16T20:03:01.760Z,USV-001,0.0,0.0,0,0,MANUAL,0.0,0.0,16.8,256.9,False,False,OK,0.0,-0.4,-1.7,256.9,0.0,2026-04-17T03:03:01.763
2026-04-16T20:03:02.760Z,USV-001,0.0,0.0,0,0,MANUAL,0.0,0.0,17.1,256.9,False,False,OK,0.0,-0.4,-1.8,256.9,0.0,2026-04-17T03:03:02.762
2026-04-16T20:03:03.760Z,USV-001,0.0,0.0,0,0,MANUAL,0.0,0.0,17.0,256.8,False,False,OK,0.0,-0.4,-1.8,256.8,0.0,2026-04-17T03:03:03.762
2026-04-16T20:03:04.760Z,USV-001,0.0,0.0,0,0,MANUAL,0.0,0.0,17.1,256.8,False,False,OK,0.0,-0.4,-1.8,256.8,0.0,2026-04-17T03:03:04.762
2026-04-16T20:03:05.760Z,USV-001,0.0,0.0,0,0,MANUAL,0.0,0.0,17.1,256.8,False,False,OK,0.0,-0.5,-1.8,256.8,0.0,2026-04-17T03:03:05.763
2026-04-16T20:03:06.760Z,USV-001,0.0,0.0,0,0,MANUAL,0.0,0.0,17.2,256.7,False,False,OK,0.0,-0.5,-1.8,256.7,0.0,2026-04-17T03:03:06.762
2026-04-16T20:03:07.760Z,USV-001,0.0,0.0,0,0,MANUAL,0.0,0.0,17.1,256.7,False,False,OK,0.0,-0.5,-1.7,256.7,0.0,2026-04-17T03:03:07.762
2026-04-16T20:03:08.760Z,USV-001,0.0,0.0,0,0,MANUAL,0.0,0.0,17.2,256.6,False,False,OK,0.0,-0.5,-1.7,256.6,0.0,2026-04-17T03:03:08.762
2026-04-16T20:03:09.760Z,USV-001,0.0,0.0,0,0,MANUAL,0.0,0.0,17.2,256.6,False,False,OK,0.0,-0.4,-1.7,256.6,0.0,2026-04-17T03:03:09.762
2026-04-16T20:03:10.760Z,USV-001,0.0,0.0,0,0,MANUAL,0.0,0.0,17.2,256.6,False,False,OK,0.0,-0.5,-1.8,256.6,0.0,2026-04-17T03:03:10.762
2026-04-16T20:03:11.760Z,USV-001,0.0,0.0,0,0,MANUAL,0.0,0.0,17.0,256.5,False,False,OK,0.0,-0.4,-1.8,256.5,0.0,2026-04-17T03:03:11.762
2026-04-16T20:03:12.760Z,USV-001,0.0,0.0,0,0,MANUAL,0.0,0.0,17.0,256.5,False,False,OK,0.0,-0.5,-1.8,256.5,0.0,2026-04-17T03:03:12.762
2026-04-16T20:03:13.760Z,USV-001,0.0,0.0,0,0,MANUAL,0.0,0.0,16.9,256.5,False,False,OK,0.0,-0.5,-1.8,256.5,0.0,2026-04-17T03:03:13.762
2026-04-16T20:03:14.760Z,USV-001,0.0,0.0,0,0,MANUAL,0.0,0.0,17.1,256.6,False,False,OK,0.0,-0.4,-1.7,256.6,0.0,2026-04-17T03:03:14.764
2026-04-16T20:03:15.760Z,USV-001,0.0,0.0,0,0,MANUAL,0.0,0.0,16.9,256.6,False,False,OK,0.0,-0.4,-1.8,256.6,0.0,2026-04-17T03:03:15.763
2026-04-16T20:03:16.761Z,USV-001,0.0,0.0,0,0,MANUAL,0.0,0.0,17.2,256.6,False,False,OK,0.0,-0.5,-1.8,256.6,0.0,2026-04-17T03:03:16.764
2026-04-16T20:03:17.760Z,USV-001,0.0,0.0,0,0,MANUAL,0.0,0.0,17.0,256.7,False,False,OK,0.0,-0.5,-1.8,256.7,0.0,2026-04-17T03:03:17.762
2026-04-16T20:03:18.760Z,USV-001,0.0,0.0,0,0,MANUAL,0.0,0.0,17.2,256.6,False,False,OK,0.0,-0.5,-1.8,256.6,0.0,2026-04-17T03:03:18.762
2026-04-16T20:03:19.760Z,USV-001,0.0,0.0,0,0,MANUAL,0.0,0.0,17.2,256.7,False,False,OK,0.0,-0.5,-1.8,256.7,0.0,2026-04-17T03:03:19.764
2026-04-16T20:03:20.760Z,USV-001,0.0,0.0,0,0,MANUAL,0.0,0.0,17.0,256.8,False,False,OK,0.0,-0.5,-1.8,256.8,0.0,2026-04-17T03:03:20.763
2026-04-16T20:03:21.760Z,USV-001,0.0,0.0,0,0,MANUAL,0.0,0.0,16.9,256.9,False,False,OK,0.0,-0.5,-1.8,256.9,0.0,2026-04-17T03:03:21.763
2026-04-16T20:03:22.761Z,USV-001,0.0,0.0,0,0,MANUAL,0.0,0.0,16.9,256.8,False,False,OK,0.0,-0.5,-1.8,256.8,0.0,2026-04-17T03:03:22.769
2026-04-16T20:03:23.760Z,USV-001,0.0,0.0,0,0,MANUAL,0.0,0.0,16.9,256.9,False,False,OK,0.0,-0.5,-1.8,256.9,0.0,2026-04-17T03:03:23.764
2026-04-16T20:03:24.760Z,USV-001,0.0,0.0,0,0,MANUAL,0.0,0.0,16.8,256.9,False,False,OK,0.0,-0.5,-1.8,256.9,0.0,2026-04-17T03:03:24.768
2026-04-16T20:03:25.760Z,USV-001,0.0,0.0,0,0,MANUAL,0.0,0.0,16.9,256.9,False,False,OK,0.0,-0.5,-1.8,256.9,0.0,2026-04-17T03:03:25.766
2026-04-16T20:03:26.761Z,USV-001,0.0,0.0,0,0,MANUAL,0.0,0.0,16.9,257.0,False,False,OK,0.0,-0.5,-1.8,257.0,0.0,2026-04-17T03:03:26.768
2026-04-16T20:03:27.761Z,USV-001,0.0,0.0,0,0,MANUAL,0.0,0.0,16.9,257.0,False,False,OK,0.0,-0.5,-1.8,257.0,0.0,2026-04-17T03:03:27.767
2026-04-16T20:03:28.761Z,USV-001,0.0,0.0,0,0,MANUAL,0.0,0.0,17.0,257.1,False,False,OK,0.0,-0.5,-1.8,257.1,0.0,2026-04-17T03:03:28.767
2026-04-16T20:03:29.761Z,USV-001,0.0,0.0,0,0,MANUAL,0.0,0.0,16.9,257.1,False,False,OK,0.0,-0.5,-1.8,257.1,0.0,2026-04-17T03:03:29.768
2026-04-16T20:03:30.761Z,USV-001,0.0,0.0,0,0,MANUAL,0.0,0.0,16.7,257.2,False,False,OK,0.0,-0.5,-1.8,257.2,0.0,2026-04-17T03:03:30.768
2026-04-16T20:03:31.760Z,USV-001,0.0,0.0,0,0,MANUAL,0.0,0.0,16.9,257.2,False,False,OK,0.0,-0.5,-1.8,257.2,0.0,2026-04-17T03:03:31.767
2026-04-16T20:03:32.760Z,USV-001,0.0,0.0,0,0,MANUAL,0.0,0.0,17.0,257.2,False,False,OK,0.0,-0.5,-1.8,257.2,0.0,2026-04-17T03:03:32.767
2026-04-16T20:03:33.761Z,USV-001,0.0,0.0,0,0,MANUAL,0.0,0.0,16.9,257.2,False,False,OK,0.0,-0.5,-1.8,257.2,0.0,2026-04-17T03:03:33.768
2026-04-16T20:03:34.760Z,USV-001,0.0,0.0,0,0,MANUAL,0.0,0.0,16.9,257.2,False,False,OK,0.0,-0.5,-1.8,257.2,0.0,2026-04-17T03:03:34.768
2026-04-16T20:03:35.760Z,USV-001,0.0,0.0,0,0,MANUAL,0.0,0.0,16.8,257.2,False,False,OK,0.0,-0.5,-1.8,257.2,0.0,2026-04-17T03:03:35.766
2026-04-16T20:03:36.761Z,USV-001,0.0,0.0,0,0,MANUAL,0.0,0.0,16.9,257.2,False,False,OK,0.0,-0.5,-1.8,257.2,0.0,2026-04-17T03:03:36.768
2026-04-16T20:03:37.760Z,USV-001,0.0,0.0,0,0,MANUAL,0.0,0.0,17.0,257.2,False,False,OK,0.0,-0.5,-1.8,257.2,0.0,2026-04-17T03:03:37.767
2026-04-16T20:03:38.760Z,USV-001,0.0,0.0,0,0,MANUAL,0.0,0.0,17.0,257.3,False,False,OK,0.0,-0.4,-1.8,257.3,0.0,2026-04-17T03:03:38.767
2026-04-16T20:03:39.760Z,USV-001,0.0,0.0,0,0,MANUAL,0.0,0.0,17.1,257.3,False,False,OK,0.0,-0.4,-1.8,257.3,0.0,2026-04-17T03:03:39.767
2026-04-16T20:03:40.760Z,USV-001,0.0,0.0,0,0,MANUAL,0.0,0.0,16.9,257.3,False,False,OK,0.0,-0.4,-1.8,257.3,0.0,2026-04-17T03:03:40.766
2026-04-16T20:03:41.760Z,USV-001,0.0,0.0,0,0,MANUAL,0.0,0.0,16.9,257.3,False,False,OK,0.0,-0.5,-1.8,257.3,0.0,2026-04-17T03:03:41.767
2026-04-16T20:03:42.761Z,USV-001,0.0,0.0,0,0,MANUAL,0.0,0.0,16.9,257.3,False,False,OK,0.0,-0.5,-1.8,257.3,0.0,2026-04-17T03:03:42.768
2026-04-16T20:03:43.760Z,USV-001,0.0,0.0,0,0,MANUAL,0.0,0.0,16.9,257.3,False,False,OK,0.0,-0.4,-1.8,257.3,0.0,2026-04-17T03:03:43.766
2026-04-16T20:03:44.760Z,USV-001,0.0,0.0,0,0,MANUAL,0.0,0.0,16.8,257.3,False,False,OK,0.0,-0.4,-1.8,257.3,0.0,2026-04-17T03:03:45.523
2026-04-16T20:03:45.761Z,USV-001,0.0,0.0,0,0,MANUAL,0.0,0.0,17.0,257.3,False,False,OK,0.0,-0.4,-1.8,257.3,0.0,2026-04-17T03:03:45.769
2026-04-16T20:03:46.760Z,USV-001,0.0,0.0,0,0,MANUAL,0.0,0.0,16.9,257.3,False,False,OK,0.0,-0.4,-1.8,257.3,0.0,2026-04-17T03:03:46.768
2026-04-16T20:03:47.761Z,USV-001,0.0,0.0,0,0,MANUAL,0.0,0.0,16.8,257.3,False,False,OK,0.0,-0.4,-1.8,257.3,0.0,2026-04-17T03:03:47.769
2026-04-16T20:03:48.760Z,USV-001,0.0,0.0,0,0,MANUAL,0.0,0.0,16.9,257.4,False,False,OK,0.0,-0.4,-1.8,257.4,0.0,2026-04-17T03:03:48.766
2026-04-16T20:03:49.760Z,USV-001,0.0,0.0,0,0,MANUAL,0.0,0.0,16.8,257.3,False,False,OK,0.0,-0.4,-1.8,257.3,0.0,2026-04-17T03:03:49.767
2026-04-16T20:03:50.760Z,USV-001,0.0,0.0,0,0,MANUAL,0.0,0.0,16.8,257.3,False,False,OK,0.0,-0.4,-1.8,257.3,0.0,2026-04-17T03:03:50.767
2026-04-16T20:03:51.760Z,USV-001,0.0,0.0,0,0,MANUAL,0.0,0.0,16.8,257.3,False,False,OK,0.0,-0.4,-1.8,257.3,0.0,2026-04-17T03:03:51.767
2026-04-16T20:03:52.760Z,USV-001,0.0,0.0,0,0,MANUAL,0.0,0.0,16.8,257.2,False,False,OK,0.0,-0.4,-1.8,257.2,0.0,2026-04-17T03:03:52.767
2026-04-16T20:03:53.760Z,USV-001,0.0,0.0,0,0,MANUAL,0.0,0.0,16.9,257.3,False,False,OK,0.0,-0.4,-1.8,257.3,0.0,2026-04-17T03:03:53.767
2026-04-16T20:03:54.760Z,USV-001,0.0,0.0,0,0,MANUAL,0.0,0.0,16.8,257.2,False,False,OK,0.0,-0.4,-1.8,257.2,0.0,2026-04-17T03:03:54.768
2026-04-16T20:03:55.760Z,USV-001,0.0,0.0,0,0,MANUAL,0.0,0.0,16.9,257.2,False,False,OK,0.0,-0.4,-1.8,257.2,0.0,2026-04-17T03:03:55.767
2026-04-16T20:03:56.760Z,USV-001,0.0,0.0,0,0,MANUAL,0.0,0.0,16.9,257.2,False,False,OK,0.0,-0.4,-1.8,257.2,0.0,2026-04-17T03:03:56.767
2026-04-16T20:03:57.760Z,USV-001,0.0,0.0,0,0,MANUAL,0.0,0.0,16.9,257.1,False,False,OK,0.0,-0.4,-1.8,257.1,0.0,2026-04-17T03:03:57.767
2026-04-16T20:03:58.760Z,USV-001,0.0,0.0,0,0,MANUAL,0.0,0.0,16.9,257.1,False,False,OK,0.0,-0.4,-1.8,257.1,0.0,2026-04-17T03:03:58.767
2026-04-16T20:03:59.760Z,USV-001,0.0,0.0,0,0,MANUAL,0.0,0.0,16.8,257.0,False,False,OK,0.0,-0.4,-1.8,257.0,0.0,2026-04-17T03:03:59.767
2026-04-16T20:04:00.760Z,USV-001,0.0,0.0,0,0,MANUAL,0.0,0.0,16.9,257.0,False,False,OK,0.0,-0.4,-1.8,257.0,0.0,2026-04-17T03:04:00.767
2026-04-16T20:04:01.760Z,USV-001,0.0,0.0,0,0,MANUAL,0.0,0.0,16.9,256.9,False,False,OK,0.0,-0.4,-1.8,256.9,0.0,2026-04-17T03:04:01.767
2026-04-16T20:04:02.761Z,USV-001,0.0,0.0,0,0,MANUAL,0.0,0.0,16.9,256.9,False,False,OK,0.0,-0.4,-1.8,256.9,0.0,2026-04-17T03:04:02.768
2026-04-16T20:04:03.760Z,USV-001,0.0,0.0,0,0,MANUAL,0.0,0.0,16.9,256.9,False,False,OK,0.0,-0.4,-1.8,256.9,0.0,2026-04-17T03:04:03.768
2026-04-16T20:04:04.760Z,USV-001,0.0,0.0,0,0,MANUAL,0.0,0.0,16.8,256.8,False,False,OK,0.0,-0.4,-1.8,256.8,0.0,2026-04-17T03:04:04.768
2026-04-16T20:04:05.761Z,USV-001,0.0,0.0,0,0,MANUAL,0.0,0.0,16.6,256.8,False,False,OK,0.0,-0.4,-1.8,256.8,0.0,2026-04-17T03:04:05.769
2026-04-16T20:04:06.760Z,USV-001,0.0,0.0,0,0,MANUAL,0.0,0.0,16.8,256.7,False,False,OK,0.0,-0.4,-1.8,256.7,0.0,2026-04-17T03:04:06.767
2026-04-16T20:04:07.760Z,USV-001,0.0,0.0,0,0,MANUAL,0.0,0.0,16.8,256.7,False,False,OK,0.0,-0.4,-1.8,256.7,0.0,2026-04-17T03:04:07.768
2026-04-16T20:04:08.761Z,USV-001,0.0,0.0,0,0,MANUAL,0.0,0.0,16.7,256.7,False,False,OK,0.0,-0.4,-1.8,256.7,0.0,2026-04-17T03:04:08.768
2026-04-16T20:04:09.760Z,USV-001,0.0,0.0,0,0,MANUAL,0.0,0.0,16.9,256.7,False,False,OK,0.0,-0.4,-1.8,256.7,0.0,2026-04-17T03:04:09.767
2026-04-16T20:04:10.760Z,USV-001,0.0,0.0,0,0,MANUAL,0.0,0.0,16.8,256.7,False,False,OK,0.0,-0.4,-1.8,256.7,0.0,2026-04-17T03:04:10.767
2026-04-16T20:04:11.761Z,USV-001,0.0,0.0,0,0,MANUAL,0.0,0.0,16.7,256.7,False,False,OK,0.0,-0.4,-1.8,256.7,0.0,2026-04-17T03:04:11.769
2026-04-16T20:04:12.760Z,USV-001,0.0,0.0,0,0,MANUAL,0.0,0.0,16.9,256.7,False,False,OK,0.0,-0.4,-1.8,256.7,0.0,2026-04-17T03:04:12.767
2026-04-16T20:04:13.761Z,USV-001,0.0,0.0,0,0,MANUAL,0.0,0.0,16.8,256.6,False,False,OK,0.0,-0.4,-1.8,256.6,0.0,2026-04-17T03:04:13.768
2026-04-16T20:04:14.761Z,USV-001,0.0,0.0,0,0,MANUAL,0.0,0.0,16.9,256.6,False,False,OK,0.0,-0.4,-1.8,256.6,0.0,2026-04-17T03:04:14.769
2026-04-16T20:04:15.760Z,USV-001,0.0,0.0,0,0,MANUAL,0.0,0.0,16.8,256.5,False,False,OK,0.0,-0.4,-1.8,256.5,0.0,2026-04-17T03:04:15.767
2026-04-16T20:04:16.760Z,USV-001,0.0,0.0,0,0,MANUAL,0.0,0.0,17.0,256.5,False,False,OK,0.0,-0.4,-1.8,256.5,0.0,2026-04-17T03:04:16.767
2026-04-16T20:04:17.761Z,USV-001,0.0,0.0,0,0,MANUAL,0.0,0.0,16.9,256.5,False,False,OK,0.0,-0.4,-1.8,256.5,0.0,2026-04-17T03:04:17.768
2026-04-16T20:04:18.760Z,USV-001,0.0,0.0,0,0,MANUAL,0.0,0.0,16.8,256.5,False,False,OK,0.0,-0.4,-1.8,256.5,0.0,2026-04-17T03:04:18.765
2026-04-16T20:04:19.760Z,USV-001,0.0,0.0,0,0,MANUAL,0.0,0.0,17.0,256.4,False,False,OK,0.0,-0.4,-1.8,256.4,0.0,2026-04-17T03:04:19.766
2026-04-16T20:04:20.760Z,USV-001,0.0,0.0,0,0,MANUAL,0.0,0.0,16.9,256.5,False,False,OK,0.0,-0.4,-1.8,256.5,0.0,2026-04-17T03:04:20.768
2026-04-16T20:04:21.760Z,USV-001,0.0,0.0,0,0,MANUAL,0.0,0.0,16.8,256.4,False,False,OK,0.0,-0.4,-1.8,256.4,0.0,2026-04-17T03:04:21.767
2026-04-16T20:04:22.760Z,USV-001,0.0,0.0,0,0,MANUAL,0.0,0.0,16.7,256.5,False,False,OK,0.0,-0.4,-1.8,256.5,0.0,2026-04-17T03:04:22.767
2026-04-16T20:04:23.760Z,USV-001,0.0,0.0,0,0,MANUAL,0.0,0.0,16.7,256.4,False,False,OK,0.0,-0.4,-1.8,256.4,0.0,2026-04-17T03:04:23.768
2026-04-16T20:04:24.760Z,USV-001,0.0,0.0,0,0,MANUAL,0.0,0.0,16.8,256.4,False,False,OK,0.0,-0.4,-1.8,256.4,0.0,2026-04-17T03:04:24.768
2026-04-16T20:04:25.761Z,USV-001,0.0,0.0,0,0,MANUAL,0.0,0.0,16.9,256.4,False,False,OK,0.0,-0.4,-1.8,256.4,0.0,2026-04-17T03:04:25.769
2026-04-16T20:04:26.760Z,USV-001,0.0,0.0,0,0,MANUAL,0.0,0.0,16.7,256.3,False,False,OK,0.0,-0.4,-1.8,256.3,0.0,2026-04-17T03:04:26.767
2026-04-16T20:04:27.760Z,USV-001,0.0,0.0,0,0,MANUAL,0.0,0.0,16.8,256.4,False,False,OK,0.0,-0.4,-1.8,256.4,0.0,2026-04-17T03:04:27.767
2026-04-16T20:04:28.760Z,USV-001,0.0,0.0,0,0,MANUAL,0.0,0.0,16.8,256.4,False,False,OK,0.0,-0.4,-1.8,256.4,0.0,2026-04-17T03:04:28.767
2026-04-16T20:04:29.761Z,USV-001,0.0,0.0,0,0,MANUAL,0.0,0.0,16.8,256.5,False,False,OK,0.0,-0.4,-1.8,256.5,0.0,2026-04-17T03:04:29.768
2026-04-16T20:04:30.761Z,USV-001,0.0,0.0,0,0,MANUAL,0.0,0.0,16.6,256.5,False,False,OK,0.0,-0.4,-1.8,256.5,0.0,2026-04-17T03:04:30.768
2026-04-16T20:04:31.760Z,USV-001,0.0,0.0,0,0,MANUAL,0.0,0.0,16.7,256.4,False,False,OK,0.0,-0.4,-1.8,256.4,0.0,2026-04-17T03:04:31.768
2026-04-16T20:04:32.760Z,USV-001,0.0,0.0,0,0,MANUAL,0.0,0.0,16.6,256.4,False,False,OK,0.0,-0.4,-1.8,256.4,0.0,2026-04-17T03:04:32.767
2026-04-16T20:04:33.760Z,USV-001,0.0,0.0,0,0,MANUAL,0.0,0.0,16.7,256.3,False,False,OK,0.0,-0.4,-1.8,256.3,0.0,2026-04-17T03:04:33.766
2026-04-16T20:04:34.760Z,USV-001,0.0,0.0,0,0,MANUAL,0.0,0.0,16.8,256.3,False,False,OK,0.0,-0.4,-1.8,256.3,0.0,2026-04-17T03:04:34.768
2026-04-16T20:04:35.761Z,USV-001,0.0,0.0,0,0,MANUAL,0.0,0.0,16.6,256.4,False,False,OK,0.0,-0.4,-1.8,256.4,0.0,2026-04-17T03:04:35.768
2026-04-16T20:04:36.761Z,USV-001,0.0,0.0,0,0,MANUAL,0.0,0.0,16.8,256.4,False,False,OK,0.0,-0.4,-1.8,256.4,0.0,2026-04-17T03:04:36.769
2026-04-16T20:04:37.760Z,USV-001,0.0,0.0,0,0,MANUAL,0.0,0.0,16.8,256.4,False,False,OK,0.0,-0.4,-1.8,256.4,0.0,2026-04-17T03:04:37.767
2026-04-16T20:04:38.761Z,USV-001,0.0,0.0,0,0,MANUAL,0.0,0.0,16.6,256.4,False,False,OK,0.0,-0.4,-1.8,256.4,0.0,2026-04-17T03:04:38.768
2026-04-16T20:04:39.760Z,USV-001,0.0,0.0,0,0,MANUAL,0.0,0.0,16.6,256.3,False,False,OK,0.0,-0.4,-1.8,256.3,0.0,2026-04-17T03:04:39.767
2026-04-16T20:04:40.760Z,USV-001,0.0,0.0,0,0,MANUAL,0.0,0.0,16.7,256.4,False,False,OK,0.0,-0.4,-1.8,256.4,0.0,2026-04-17T03:04:40.768
2026-04-16T20:04:41.761Z,USV-001,0.0,0.0,0,0,MANUAL,0.0,0.0,16.8,256.4,False,False,OK,0.0,-0.4,-1.8,256.4,0.0,2026-04-17T03:04:41.768
2026-04-16T20:04:42.761Z,USV-001,0.0,0.0,0,0,MANUAL,0.0,0.0,16.6,256.4,False,False,OK,0.0,-0.4,-1.8,256.4,0.0,2026-04-17T03:04:42.768
2026-04-16T20:04:43.761Z,USV-001,0.0,0.0,0,0,MANUAL,0.0,0.0,16.7,256.5,False,False,OK,0.0,-0.4,-1.8,256.5,0.0,2026-04-17T03:04:43.769
2026-04-16T20:04:44.760Z,USV-001,0.0,0.0,0,0,MANUAL,0.0,0.0,16.7,256.5,False,False,OK,0.0,-0.4,-1.8,256.5,0.0,2026-04-17T03:04:44.767
2026-04-16T20:04:45.760Z,USV-001,0.0,0.0,0,0,MANUAL,0.0,0.0,16.7,256.5,False,False,OK,0.0,-0.4,-1.8,256.5,0.0,2026-04-17T03:04:45.767
2026-04-16T20:04:46.760Z,USV-001,0.0,0.0,0,0,MANUAL,0.0,0.0,16.5,256.5,False,False,OK,0.0,-0.4,-1.8,256.5,0.0,2026-04-17T03:04:46.767
2026-04-16T20:04:47.761Z,USV-001,0.0,0.0,0,0,MANUAL,0.0,0.0,16.7,256.5,False,False,OK,0.0,-0.4,-1.8,256.5,0.0,2026-04-17T03:04:47.769
2026-04-16T20:04:48.761Z,USV-001,0.0,0.0,0,0,MANUAL,0.0,0.0,16.7,256.5,False,False,OK,0.0,-0.4,-1.8,256.5,0.0,2026-04-17T03:04:48.768
2026-04-16T20:04:49.760Z,USV-001,0.0,0.0,0,0,MANUAL,0.0,0.0,16.8,256.5,False,False,OK,0.0,-0.4,-1.8,256.5,0.0,2026-04-17T03:04:49.767
2026-04-16T20:04:50.761Z,USV-001,0.0,0.0,0,0,MANUAL,0.0,0.0,16.6,256.6,False,False,OK,0.0,-0.4,-1.8,256.6,0.0,2026-04-17T03:04:50.768
2026-04-16T20:04:51.760Z,USV-001,0.0,0.0,0,0,MANUAL,0.0,0.0,16.7,256.5,False,False,OK,0.0,-0.4,-1.8,256.5,0.0,2026-04-17T03:04:51.764
2026-04-16T20:04:52.761Z,USV-001,0.0,0.0,0,0,MANUAL,0.0,0.0,16.9,256.5,False,False,OK,0.0,-0.4,-1.8,256.5,0.0,2026-04-17T03:04:52.769
2026-04-16T20:04:53.760Z,USV-001,0.0,0.0,0,0,MANUAL,0.0,0.0,16.6,256.5,False,False,OK,0.0,-0.4,-1.8,256.5,0.0,2026-04-17T03:04:53.768
2026-04-16T20:04:54.760Z,USV-001,0.0,0.0,0,0,MANUAL,0.0,0.0,16.6,256.5,False,False,OK,0.0,-0.4,-1.8,256.5,0.0,2026-04-17T03:04:54.768
2026-04-16T20:04:55.760Z,USV-001,0.0,0.0,0,0,MANUAL,0.0,0.0,16.6,256.6,False,False,OK,0.0,-0.4,-1.8,256.6,0.0,2026-04-17T03:04:55.768
2026-04-16T20:04:56.761Z,USV-001,0.0,0.0,0,0,MANUAL,0.0,0.0,16.7,256.6,False,False,OK,0.0,-0.4,-1.8,256.6,0.0,2026-04-17T03:04:56.769
2026-04-16T20:04:57.760Z,USV-001,0.0,0.0,0,0,MANUAL,0.0,0.0,16.7,256.5,False,False,OK,0.0,-0.4,-1.8,256.5,0.0,2026-04-17T03:04:57.767
2026-04-16T20:04:58.760Z,USV-001,0.0,0.0,0,0,MANUAL,0.0,0.0,16.8,256.5,False,False,OK,0.0,-0.4,-1.8,256.5,0.0,2026-04-17T03:04:58.767
2026-04-16T20:04:59.760Z,USV-001,0.0,0.0,0,0,MANUAL,0.0,0.0,16.9,256.5,False,False,OK,0.0,-0.4,-1.8,256.5,0.0,2026-04-17T03:04:59.768
2026-04-16T20:05:00.760Z,USV-001,0.0,0.0,0,0,MANUAL,0.0,0.0,16.7,256.5,False,False,OK,0.0,-0.4,-1.8,256.5,0.0,2026-04-17T03:05:00.769
2026-04-16T20:05:01.760Z,USV-001,0.0,0.0,0,0,MANUAL,0.0,0.0,16.6,256.5,False,False,OK,0.0,-0.4,-1.8,256.5,0.0,2026-04-17T03:05:01.766
2026-04-16T20:05:02.760Z,USV-001,0.0,0.0,0,0,MANUAL,0.0,0.0,16.7,256.6,False,False,OK,0.0,-0.4,-1.8,256.6,0.0,2026-04-17T03:05:02.768
2026-04-16T20:05:03.761Z,USV-001,0.0,0.0,0,0,MANUAL,0.0,0.0,16.7,256.6,False,False,OK,0.0,-0.4,-1.8,256.6,0.0,2026-04-17T03:05:03.768
2026-04-16T20:05:04.760Z,USV-001,0.0,0.0,0,0,MANUAL,0.0,0.0,16.7,256.6,False,False,OK,0.0,-0.4,-1.8,256.6,0.0,2026-04-17T03:05:04.767
2026-04-16T20:05:05.760Z,USV-001,0.0,0.0,0,0,MANUAL,0.0,0.0,16.7,256.7,False,False,OK,0.0,-0.4,-1.8,256.7,0.0,2026-04-17T03:05:05.767
2026-04-16T20:05:06.760Z,USV-001,0.0,0.0,0,0,MANUAL,0.0,0.0,16.5,256.6,False,False,OK,0.0,-0.4,-1.8,256.6,0.0,2026-04-17T03:05:06.768
2026-04-16T20:05:07.760Z,USV-001,0.0,0.0,0,0,MANUAL,0.0,0.0,16.5,256.6,False,False,OK,0.0,-0.4,-1.8,256.6,0.0,2026-04-17T03:05:07.766
2026-04-16T20:05:08.760Z,USV-001,0.0,0.0,0,0,MANUAL,0.0,0.0,16.5,256.7,False,False,OK,0.0,-0.4,-1.8,256.7,0.0,2026-04-17T03:05:08.767
2026-04-16T20:05:09.760Z,USV-001,0.0,0.0,0,0,MANUAL,0.0,0.0,16.6,256.7,False,False,OK,0.0,-0.4,-1.8,256.7,0.0,2026-04-17T03:05:09.767
2026-04-16T20:05:10.760Z,USV-001,0.0,0.0,0,0,MANUAL,0.0,0.0,16.7,256.6,False,False,OK,0.0,-0.4,-1.8,256.6,0.0,2026-04-17T03:05:10.768
2026-04-16T20:05:11.760Z,USV-001,0.0,0.0,0,0,MANUAL,0.0,0.0,16.8,256.8,False,False,OK,0.0,-0.4,-1.8,256.8,0.0,2026-04-17T03:05:11.767
2026-04-16T20:05:12.761Z,USV-001,0.0,0.0,0,0,MANUAL,0.0,0.0,16.4,256.8,False,False,OK,0.0,-0.4,-1.8,256.8,0.0,2026-04-17T03:05:12.769
2026-04-16T20:05:13.761Z,USV-001,0.0,0.0,0,0,MANUAL,0.0,0.0,16.8,256.8,False,False,OK,0.0,-0.4,-1.8,256.8,0.0,2026-04-17T03:05:13.768
2026-04-16T20:05:14.761Z,USV-001,0.0,0.0,0,0,MANUAL,0.0,0.0,16.8,256.8,False,False,OK,0.0,-0.4,-1.8,256.8,0.0,2026-04-17T03:05:14.768
2026-04-16T20:05:15.761Z,USV-001,0.0,0.0,0,0,MANUAL,0.0,0.0,16.5,256.8,False,False,OK,0.0,-0.4,-1.8,256.8,0.0,2026-04-17T03:05:15.769
2026-04-16T20:05:16.760Z,USV-001,0.0,0.0,0,0,MANUAL,0.0,0.0,16.7,256.8,False,False,OK,0.0,-0.4,-1.8,256.8,0.0,2026-04-17T03:05:16.767
2026-04-16T20:05:17.760Z,USV-001,0.0,0.0,0,0,MANUAL,0.0,0.0,16.6,256.9,False,False,OK,0.0,-0.4,-1.8,256.9,0.0,2026-04-17T03:05:17.768
2026-04-16T20:05:18.760Z,USV-001,0.0,0.0,0,0,MANUAL,0.0,0.0,16.7,256.8,False,False,OK,0.0,-0.4,-1.8,256.8,0.0,2026-04-17T03:05:18.767
2026-04-16T20:05:19.760Z,USV-001,0.0,0.0,0,0,MANUAL,0.0,0.0,16.7,256.8,False,False,OK,0.0,-0.4,-1.8,256.8,0.0,2026-04-17T03:05:19.766
2026-04-16T20:05:20.760Z,USV-001,0.0,0.0,0,0,MANUAL,0.0,0.0,16.7,256.7,False,False,OK,0.0,-0.4,-1.8,256.7,0.0,2026-04-17T03:05:20.766
2026-04-16T20:05:21.760Z,USV-001,0.0,0.0,0,0,MANUAL,0.0,0.0,16.6,256.7,False,False,OK,0.0,-0.4,-1.8,256.7,0.0,2026-04-17T03:05:21.767
2026-04-16T20:05:22.761Z,USV-001,0.0,0.0,0,0,MANUAL,0.0,0.0,16.6,256.6,False,False,OK,0.0,-0.4,-1.8,256.6,0.0,2026-04-17T03:05:22.769
2026-04-16T20:05:23.760Z,USV-001,0.0,0.0,0,0,MANUAL,0.0,0.0,16.6,256.7,False,False,OK,0.0,-0.4,-1.8,256.7,0.0,2026-04-17T03:05:23.767
2026-04-16T20:05:24.760Z,USV-001,0.0,0.0,0,0,MANUAL,0.0,0.0,16.8,256.7,False,False,OK,0.0,-0.4,-1.8,256.7,0.0,2026-04-17T03:05:24.767
2026-04-16T20:05:25.761Z,USV-001,0.0,0.0,0,0,MANUAL,0.0,0.0,16.7,256.7,False,False,OK,0.0,-0.4,-1.8,256.7,0.0,2026-04-17T03:05:25.769
2026-04-16T20:05:26.761Z,USV-001,0.0,0.0,0,0,MANUAL,0.0,0.0,16.7,256.7,False,False,OK,0.0,-0.4,-1.8,256.7,0.0,2026-04-17T03:05:26.769
2026-04-16T20:05:27.761Z,USV-001,0.0,0.0,0,0,MANUAL,0.0,0.0,16.7,256.6,False,False,OK,0.0,-0.4,-1.8,256.6,0.0,2026-04-17T03:05:27.768
2026-04-16T20:05:28.760Z,USV-001,0.0,0.0,0,0,MANUAL,0.0,0.0,16.6,256.6,False,False,OK,0.0,-0.4,-1.8,256.6,0.0,2026-04-17T03:05:28.767
2026-04-16T20:05:29.760Z,USV-001,0.0,0.0,0,0,MANUAL,0.0,0.0,16.4,256.5,False,False,OK,0.0,-0.4,-1.8,256.5,0.0,2026-04-17T03:05:29.767
2026-04-16T20:05:30.760Z,USV-001,0.0,0.0,0,0,MANUAL,0.0,0.0,16.6,256.5,False,False,OK,0.0,-0.4,-1.8,256.5,0.0,2026-04-17T03:05:30.768
2026-04-16T20:05:31.760Z,USV-001,0.0,0.0,0,0,MANUAL,0.0,0.0,16.6,256.5,False,False,OK,0.0,-0.4,-1.8,256.5,0.0,2026-04-17T03:05:31.767
2026-04-16T20:05:32.760Z,USV-001,0.0,0.0,0,0,MANUAL,0.0,0.0,16.6,256.4,False,False,OK,0.0,-0.4,-1.8,256.4,0.0,2026-04-17T03:05:32.766
2026-04-16T20:05:33.760Z,USV-001,0.0,0.0,0,0,MANUAL,0.0,0.0,16.5,256.4,False,False,OK,0.0,-0.4,-1.8,256.4,0.0,2026-04-17T03:05:33.767
2026-04-16T20:05:34.760Z,USV-001,0.0,0.0,0,0,MANUAL,0.0,0.0,16.5,256.3,False,False,OK,0.0,-0.4,-1.8,256.3,0.0,2026-04-17T03:05:34.767
2026-04-16T20:05:35.760Z,USV-001,0.0,0.0,0,0,MANUAL,0.0,0.0,16.5,256.3,False,False,OK,0.0,-0.4,-1.8,256.3,0.0,2026-04-17T03:05:35.767
2026-04-16T20:05:36.760Z,USV-001,0.0,0.0,0,0,MANUAL,0.0,0.0,16.6,256.3,False,False,OK,0.0,-0.4,-1.8,256.3,0.0,2026-04-17T03:05:36.767
2026-04-16T20:05:37.760Z,USV-001,0.0,0.0,0,0,MANUAL,0.0,0.0,16.7,256.3,False,False,OK,0.0,-0.4,-1.8,256.3,0.0,2026-04-17T03:05:37.767
2026-04-16T20:05:38.760Z,USV-001,0.0,0.0,0,0,MANUAL,0.0,0.0,16.7,256.3,False,False,OK,0.0,-0.4,-1.8,256.3,0.0,2026-04-17T03:05:38.766
2026-04-16T20:05:39.760Z,USV-001,0.0,0.0,0,0,MANUAL,0.0,0.0,16.6,256.3,False,False,OK,0.0,-0.4,-1.8,256.3,0.0,2026-04-17T03:05:39.767
2026-04-16T20:05:40.760Z,USV-001,0.0,0.0,0,0,MANUAL,0.0,0.0,16.6,256.3,False,False,OK,0.0,-0.4,-1.8,256.3,0.0,2026-04-17T03:05:40.767
2026-04-16T20:05:41.760Z,USV-001,0.0,0.0,0,0,MANUAL,0.0,0.0,16.4,256.3,False,False,OK,0.0,-0.4,-1.8,256.3,0.0,2026-04-17T03:05:41.766
2026-04-16T20:05:42.760Z,USV-001,0.0,0.0,0,0,MANUAL,0.0,0.0,16.6,256.3,False,False,OK,0.0,-0.4,-1.8,256.3,0.0,2026-04-17T03:05:42.766
2026-04-16T20:05:43.760Z,USV-001,0.0,0.0,0,0,MANUAL,0.0,0.0,16.6,256.3,False,False,OK,0.0,-0.4,-1.8,256.3,0.0,2026-04-17T03:05:43.767
2026-04-16T20:05:44.760Z,USV-001,0.0,0.0,0,0,MANUAL,0.0,0.0,16.6,256.3,False,False,OK,0.0,-0.4,-1.8,256.3,0.0,2026-04-17T03:05:44.767
2026-04-16T20:05:45.760Z,USV-001,0.0,0.0,0,0,MANUAL,0.0,0.0,16.7,256.3,False,False,OK,0.0,-0.4,-1.8,256.3,0.0,2026-04-17T03:05:45.766
2026-04-16T20:05:46.760Z,USV-001,0.0,0.0,0,0,MANUAL,0.0,0.0,16.6,256.3,False,False,OK,0.0,-0.4,-1.8,256.3,0.0,2026-04-17T03:05:46.767
2026-04-16T20:05:47.760Z,USV-001,0.0,0.0,0,0,MANUAL,0.0,0.0,16.7,256.3,False,False,OK,0.0,-0.4,-1.8,256.3,0.0,2026-04-17T03:05:47.766
2026-04-16T20:05:48.760Z,USV-001,0.0,0.0,0,0,MANUAL,0.0,0.0,16.8,256.3,False,False,OK,0.0,-0.4,-1.8,256.3,0.0,2026-04-17T03:05:48.766
2026-04-16T20:05:49.760Z,USV-001,0.0,0.0,0,0,MANUAL,0.0,0.0,16.8,256.2,False,False,OK,0.0,-0.4,-1.8,256.2,0.0,2026-04-17T03:05:49.767
2026-04-16T20:05:50.760Z,USV-001,0.0,0.0,0,0,MANUAL,0.0,0.0,16.5,256.2,False,False,OK,0.0,-0.4,-1.8,256.2,0.0,2026-04-17T03:05:50.766
2026-04-16T20:05:51.760Z,USV-001,0.0,0.0,0,0,MANUAL,0.0,0.0,16.4,256.2,False,False,OK,0.0,-0.4,-1.8,256.2,0.0,2026-04-17T03:05:51.767
2026-04-16T20:05:52.760Z,USV-001,0.0,0.0,0,0,MANUAL,0.0,0.0,16.6,256.3,False,False,OK,0.0,-0.4,-1.8,256.3,0.0,2026-04-17T03:05:52.766
2026-04-16T20:05:53.760Z,USV-001,0.0,0.0,0,0,MANUAL,0.0,0.0,16.7,256.3,False,False,OK,0.0,-0.4,-1.8,256.3,0.0,2026-04-17T03:05:53.767
2026-04-16T20:05:54.761Z,USV-001,0.0,0.0,0,0,MANUAL,0.0,0.0,16.6,256.2,False,False,OK,0.0,-0.4,-1.8,256.2,0.0,2026-04-17T03:05:54.768
2026-04-16T20:05:55.760Z,USV-001,0.0,0.0,0,0,MANUAL,0.0,0.0,16.6,256.3,False,False,OK,0.0,-0.4,-1.8,256.3,0.0,2026-04-17T03:05:55.766
2026-04-16T20:05:56.760Z,USV-001,0.0,0.0,0,0,MANUAL,0.0,0.0,16.4,256.2,False,False,OK,0.0,-0.4,-1.8,256.2,0.0,2026-04-17T03:05:56.766
2026-04-16T20:05:57.760Z,USV-001,0.0,0.0,0,0,MANUAL,0.0,0.0,16.5,256.3,False,False,OK,0.0,-0.4,-1.8,256.3,0.0,2026-04-17T03:05:57.767
2026-04-16T20:05:58.760Z,USV-001,0.0,0.0,0,0,MANUAL,0.0,0.0,16.6,256.2,False,False,OK,0.0,-0.4,-1.8,256.2,0.0,2026-04-17T03:05:58.766
2026-04-16T20:05:59.760Z,USV-001,0.0,0.0,0,0,MANUAL,0.0,0.0,16.6,256.2,False,False,OK,0.0,-0.4,-1.8,256.2,0.0,2026-04-17T03:05:59.767
2026-04-16T20:06:00.760Z,USV-001,0.0,0.0,0,0,MANUAL,0.0,0.0,16.6,256.2,False,False,OK,0.0,-0.4,-1.8,256.2,0.0,2026-04-17T03:06:00.767
2026-04-16T20:06:01.761Z,USV-001,0.0,0.0,0,0,MANUAL,0.0,0.0,16.6,256.2,False,False,OK,0.0,-0.4,-1.8,256.2,0.0,2026-04-17T03:06:01.768
2026-04-16T20:06:02.760Z,USV-001,0.0,0.0,0,0,MANUAL,0.0,0.0,16.6,256.3,False,False,OK,0.0,-0.4,-1.8,256.3,0.0,2026-04-17T03:06:02.767
2026-04-16T20:06:03.760Z,USV-001,0.0,0.0,0,0,MANUAL,0.0,0.0,16.6,256.2,False,False,OK,0.0,-0.4,-1.8,256.2,0.0,2026-04-17T03:06:03.768
2026-04-16T20:06:04.760Z,USV-001,0.0,0.0,0,0,MANUAL,0.0,0.0,16.7,256.3,False,False,OK,0.0,-0.4,-1.8,256.3,0.0,2026-04-17T03:06:04.767
2026-04-16T20:06:05.760Z,USV-001,0.0,0.0,0,0,MANUAL,0.0,0.0,16.6,256.3,False,False,OK,0.0,-0.4,-1.8,256.3,0.0,2026-04-17T03:06:05.767
2026-04-16T20:06:06.760Z,USV-001,0.0,0.0,0,0,MANUAL,0.0,0.0,16.8,256.3,False,False,OK,0.0,-0.4,-1.8,256.3,0.0,2026-04-17T03:06:06.768
2026-04-16T20:06:07.760Z,USV-001,0.0,0.0,0,0,MANUAL,0.0,0.0,16.5,256.3,False,False,OK,0.0,-0.4,-1.8,256.3,0.0,2026-04-17T03:06:07.767
2026-04-16T20:06:08.760Z,USV-001,0.0,0.0,0,0,MANUAL,0.0,0.0,16.7,256.2,False,False,OK,0.0,-0.4,-1.8,256.2,0.0,2026-04-17T03:06:08.767
2026-04-16T20:06:09.760Z,USV-001,0.0,0.0,0,0,MANUAL,0.0,0.0,16.7,256.2,False,False,OK,0.0,-0.4,-1.8,256.2,0.0,2026-04-17T03:06:09.767
2026-04-16T20:06:10.760Z,USV-001,0.0,0.0,0,0,MANUAL,0.0,0.0,16.5,256.2,False,False,OK,0.0,-0.4,-1.8,256.2,0.0,2026-04-17T03:06:10.768
2026-04-16T20:06:11.760Z,USV-001,0.0,0.0,0,0,MANUAL,0.0,0.0,16.5,256.2,False,False,OK,0.0,-0.4,-1.8,256.2,0.0,2026-04-17T03:06:11.768
2026-04-16T20:06:12.760Z,USV-001,0.0,0.0,0,0,MANUAL,0.0,0.0,16.5,256.2,False,False,OK,0.0,-0.4,-1.8,256.2,0.0,2026-04-17T03:06:12.767
2026-04-16T20:06:13.761Z,USV-001,0.0,0.0,0,0,MANUAL,0.0,0.0,16.7,256.2,False,False,OK,0.0,-0.4,-1.8,256.2,0.0,2026-04-17T03:06:13.769
2026-04-16T20:06:14.760Z,USV-001,0.0,0.0,0,0,MANUAL,0.0,0.0,16.5,256.3,False,False,OK,0.0,-0.4,-1.8,256.3,0.0,2026-04-17T03:06:14.768
2026-04-16T20:06:15.760Z,USV-001,0.0,0.0,0,0,MANUAL,0.0,0.0,16.5,256.3,False,False,OK,0.0,-0.4,-1.8,256.3,0.0,2026-04-17T03:06:15.768
2026-04-16T20:06:16.760Z,USV-001,0.0,0.0,0,0,MANUAL,0.0,0.0,16.5,256.3,False,False,OK,0.0,-0.4,-1.8,256.3,0.0,2026-04-17T03:06:16.768
2026-04-16T20:06:17.761Z,USV-001,0.0,0.0,0,0,MANUAL,0.0,0.0,16.5,256.3,False,False,OK,0.0,-0.4,-1.8,256.3,0.0,2026-04-17T03:06:17.769
2026-04-16T20:06:18.761Z,USV-001,0.0,0.0,0,0,MANUAL,0.0,0.0,16.5,256.3,False,False,OK,0.0,-0.4,-1.8,256.3,0.0,2026-04-17T03:06:18.768
2026-04-16T20:06:19.760Z,USV-001,0.0,0.0,0,0,MANUAL,0.0,0.0,16.5,256.2,False,False,OK,0.0,-0.4,-1.8,256.2,0.0,2026-04-17T03:06:19.767
2026-04-16T20:06:20.760Z,USV-001,0.0,0.0,0,0,MANUAL,0.0,0.0,16.6,256.2,False,False,OK,0.0,-0.4,-1.8,256.2,0.0,2026-04-17T03:06:20.768
2026-04-16T20:06:21.760Z,USV-001,0.0,0.0,0,0,MANUAL,0.0,0.0,16.5,256.3,False,False,OK,0.0,-0.4,-1.8,256.3,0.0,2026-04-17T03:06:21.767
2026-04-16T20:06:22.760Z,USV-001,0.0,0.0,0,0,MANUAL,0.0,0.0,16.6,256.3,False,False,OK,0.0,-0.4,-1.8,256.3,0.0,2026-04-17T03:06:22.768
2026-04-16T20:06:23.761Z,USV-001,0.0,0.0,0,0,MANUAL,0.0,0.0,16.5,256.3,False,False,OK,0.0,-0.4,-1.8,256.3,0.0,2026-04-17T03:06:23.768
2026-04-16T20:06:24.761Z,USV-001,0.0,0.0,0,0,MANUAL,0.0,0.0,16.7,256.3,False,False,OK,0.0,-0.4,-1.8,256.3,0.0,2026-04-17T03:06:24.768
2026-04-16T20:06:25.760Z,USV-001,0.0,0.0,0,0,MANUAL,0.0,0.0,16.6,256.3,False,False,OK,0.0,-0.4,-1.8,256.3,0.0,2026-04-17T03:06:25.769
2026-04-16T20:06:26.760Z,USV-001,0.0,0.0,0,0,MANUAL,0.0,0.0,16.6,256.2,False,False,OK,0.0,-0.4,-1.8,256.2,0.0,2026-04-17T03:06:26.767
2026-04-16T20:06:27.760Z,USV-001,0.0,0.0,0,0,MANUAL,0.0,0.0,16.6,256.2,False,False,OK,0.0,-0.4,-1.8,256.2,0.0,2026-04-17T03:06:27.767
2026-04-16T20:06:28.761Z,USV-001,0.0,0.0,0,0,MANUAL,0.0,0.0,16.6,256.3,False,False,OK,0.0,-0.4,-1.8,256.3,0.0,2026-04-17T03:06:28.769
2026-04-16T20:06:29.760Z,USV-001,0.0,0.0,0,0,MANUAL,0.0,0.0,16.5,256.2,False,False,OK,0.0,-0.4,-1.8,256.2,0.0,2026-04-17T03:06:29.767
2026-04-16T20:06:30.761Z,USV-001,0.0,0.0,0,0,MANUAL,0.0,0.0,16.7,256.2,False,False,OK,0.0,-0.4,-1.8,256.2,0.0,2026-04-17T03:06:30.768
2026-04-16T20:06:31.761Z,USV-001,0.0,0.0,0,0,MANUAL,0.0,0.0,16.4,256.2,False,False,OK,0.0,-0.4,-1.8,256.2,0.0,2026-04-17T03:06:31.767
2026-04-16T20:06:32.760Z,USV-001,0.0,0.0,0,0,MANUAL,0.0,0.0,16.5,256.2,False,False,OK,0.0,-0.4,-1.8,256.2,0.0,2026-04-17T03:06:32.767
2026-04-16T20:06:33.760Z,USV-001,0.0,0.0,0,0,MANUAL,0.0,0.0,16.5,256.2,False,False,OK,0.0,-0.4,-1.8,256.2,0.0,2026-04-17T03:06:33.768
2026-04-16T20:06:34.761Z,USV-001,0.0,0.0,0,0,MANUAL,0.0,0.0,16.5,256.1,False,False,OK,0.0,-0.4,-1.8,256.1,0.0,2026-04-17T03:06:34.769
2026-04-16T20:06:35.760Z,USV-001,0.0,0.0,0,0,MANUAL,0.0,0.0,16.5,256.1,False,False,OK,0.0,-0.4,-1.8,256.1,0.0,2026-04-17T03:06:35.767
2026-04-16T20:06:36.760Z,USV-001,0.0,0.0,0,0,MANUAL,0.0,0.0,16.6,256.0,False,False,OK,0.0,-0.4,-1.8,256.0,0.0,2026-04-17T03:06:36.767
2026-04-16T20:06:37.760Z,USV-001,0.0,0.0,0,0,MANUAL,0.0,0.0,16.6,256.0,False,False,OK,0.0,-0.4,-1.8,256.0,0.0,2026-04-17T03:06:37.768
2026-04-16T20:06:38.761Z,USV-001,0.0,0.0,0,0,MANUAL,0.0,0.0,16.6,256.0,False,False,OK,0.0,-0.4,-1.8,256.0,0.0,2026-04-17T03:06:38.769
2026-04-16T20:06:39.760Z,USV-001,0.0,0.0,0,0,MANUAL,0.0,0.0,16.4,256.0,False,False,OK,0.0,-0.4,-1.8,256.0,0.0,2026-04-17T03:06:39.763
2026-04-16T20:06:40.760Z,USV-001,0.0,0.0,0,0,MANUAL,0.0,0.0,16.4,255.9,False,False,OK,0.0,-0.4,-1.8,255.9,0.0,2026-04-17T03:06:40.763
2026-04-16T20:06:41.761Z,USV-001,0.0,0.0,0,0,MANUAL,0.0,0.0,16.7,256.0,False,False,OK,0.0,-0.4,-1.8,256.0,0.0,2026-04-17T03:06:41.770
2026-04-16T20:06:42.761Z,USV-001,0.0,0.0,0,0,MANUAL,0.0,0.0,16.6,255.9,False,False,OK,0.0,-0.4,-1.8,255.9,0.0,2026-04-17T03:06:42.770
2026-04-16T20:06:43.761Z,USV-001,0.0,0.0,0,0,MANUAL,0.0,0.0,16.6,255.9,False,False,OK,0.0,-0.4,-1.8,255.9,0.0,2026-04-17T03:06:43.771
2026-04-16T20:06:44.761Z,USV-001,0.0,0.0,0,0,MANUAL,0.0,0.0,16.5,256.0,False,False,OK,0.0,-0.4,-1.8,256.0,0.0,2026-04-17T03:06:44.769
2026-04-16T20:06:45.760Z,USV-001,0.0,0.0,0,0,MANUAL,0.0,0.0,16.6,255.9,False,False,OK,0.0,-0.4,-1.8,255.9,0.0,2026-04-17T03:06:46.618
2026-04-16T20:06:46.762Z,USV-001,0.0,0.0,0,0,MANUAL,0.0,0.0,16.5,255.9,False,False,OK,0.0,-0.4,-1.8,255.9,0.0,2026-04-17T03:06:46.775
2026-04-16T20:06:47.761Z,USV-001,0.0,0.0,0,0,MANUAL,0.0,0.0,16.5,255.9,False,False,OK,0.0,-0.4,-1.8,255.9,0.0,2026-04-17T03:06:47.770
2026-04-16T20:06:48.760Z,USV-001,0.0,0.0,0,0,MANUAL,0.0,0.0,16.5,255.9,False,False,OK,0.0,-0.4,-1.8,255.9,0.0,2026-04-17T03:06:48.762
2026-04-16T20:06:49.760Z,USV-001,0.0,0.0,0,0,MANUAL,0.0,0.0,16.5,256.0,False,False,OK,0.0,-0.4,-1.8,256.0,0.0,2026-04-17T03:06:49.762
2026-04-16T20:06:50.760Z,USV-001,0.0,0.0,0,0,MANUAL,0.0,0.0,16.4,256.1,False,False,OK,0.0,-0.4,-1.8,256.1,0.0,2026-04-17T03:06:50.763
2026-04-16T20:06:51.760Z,USV-001,0.0,0.0,0,0,MANUAL,0.0,0.0,16.6,256.2,False,False,OK,0.0,-0.4,-1.8,256.2,0.0,2026-04-17T03:06:51.762
2026-04-16T20:06:52.760Z,USV-001,0.0,0.0,0,0,MANUAL,0.0,0.0,16.5,256.2,False,False,OK,0.0,-0.4,-1.8,256.2,0.0,2026-04-17T03:06:52.762
2026-04-16T20:06:53.761Z,USV-001,0.0,0.0,0,0,MANUAL,0.0,0.0,16.4,256.2,False,False,OK,0.0,-0.4,-1.8,256.2,0.0,2026-04-17T03:06:53.771
2026-04-16T20:06:54.760Z,USV-001,0.0,0.0,0,0,MANUAL,0.0,0.0,16.5,256.2,False,False,OK,0.0,-0.4,-1.8,256.2,0.0,2026-04-17T03:06:54.762
2026-04-16T20:06:55.760Z,USV-001,0.0,0.0,0,0,MANUAL,0.0,0.0,16.6,256.3,False,False,OK,0.0,-0.4,-1.8,256.3,0.0,2026-04-17T03:06:55.762
2026-04-16T20:06:56.760Z,USV-001,0.0,0.0,0,0,MANUAL,0.0,0.0,16.6,256.3,False,False,OK,0.0,-0.4,-1.8,256.3,0.0,2026-04-17T03:06:56.762
2026-04-16T20:06:57.760Z,USV-001,0.0,0.0,0,0,MANUAL,0.0,0.0,16.4,256.3,False,False,OK,0.0,-0.4,-1.8,256.3,0.0,2026-04-17T03:06:57.762
2026-04-16T20:06:58.760Z,USV-001,0.0,0.0,0,0,MANUAL,0.0,0.0,16.4,256.3,False,False,OK,0.0,-0.4,-1.8,256.3,0.0,2026-04-17T03:06:58.768
2026-04-16T20:06:59.760Z,USV-001,0.0,0.0,0,0,MANUAL,0.0,0.0,16.4,256.3,False,False,OK,0.0,-0.4,-1.8,256.3,0.0,2026-04-17T03:06:59.762
2026-04-16T20:07:00.760Z,USV-001,0.0,0.0,0,0,MANUAL,0.0,0.0,16.5,256.3,False,False,OK,0.0,-0.4,-1.8,256.3,0.0,2026-04-17T03:07:00.762
2026-04-16T20:07:01.760Z,USV-001,0.0,0.0,0,0,MANUAL,0.0,0.0,16.5,256.4,False,False,OK,0.0,-0.4,-1.8,256.4,0.0,2026-04-17T03:07:01.763
2026-04-16T20:07:02.760Z,USV-001,0.0,0.0,0,0,MANUAL,0.0,0.0,16.5,256.3,False,False,OK,0.0,-0.4,-1.8,256.3,0.0,2026-04-17T03:07:02.764
2026-04-16T20:07:03.764Z,USV-001,0.0,0.0,0,0,MANUAL,0.0,0.0,16.6,256.3,False,False,OK,0.0,-0.4,-1.8,256.3,0.0,2026-04-17T03:07:03.772
2026-04-16T20:07:04.761Z,USV-001,0.0,0.0,0,0,MANUAL,0.0,0.0,16.6,256.4,False,False,OK,0.0,-0.4,-1.8,256.4,0.0,2026-04-17T03:07:05.146
2026-04-16T20:07:05.761Z,USV-001,0.0,0.0,0,0,MANUAL,0.0,0.0,16.7,256.3,False,False,OK,0.0,-0.4,-1.8,256.3,0.0,2026-04-17T03:07:05.769
2026-04-16T20:07:06.760Z,USV-001,0.0,0.0,0,0,MANUAL,0.0,0.0,16.4,256.3,False,False,OK,0.0,-0.4,-1.8,256.3,0.0,2026-04-17T03:07:06.763
2026-04-16T20:07:07.760Z,USV-001,0.0,0.0,0,0,MANUAL,0.0,0.0,16.3,256.3,False,False,OK,0.0,-0.4,-1.8,256.3,0.0,2026-04-17T03:07:07.763
2026-04-16T20:07:08.760Z,USV-001,0.0,0.0,0,0,MANUAL,0.0,0.0,16.5,256.2,False,False,OK,0.0,-0.4,-1.8,256.2,0.0,2026-04-17T03:07:08.764
2026-04-16T20:07:09.760Z,USV-001,0.0,0.0,0,0,MANUAL,0.0,0.0,16.6,256.2,False,False,OK,0.0,-0.4,-1.8,256.2,0.0,2026-04-17T03:07:09.767
2026-04-16T20:07:10.760Z,USV-001,0.0,0.0,0,0,MANUAL,0.0,0.0,16.5,256.1,False,False,OK,0.0,-0.4,-1.8,256.1,0.0,2026-04-17T03:07:10.762
2026-04-16T20:07:11.760Z,USV-001,0.0,0.0,0,0,MANUAL,0.0,0.0,16.5,256.2,False,False,OK,0.0,-0.4,-1.8,256.2,0.0,2026-04-17T03:07:11.762
2026-04-16T20:07:12.760Z,USV-001,0.0,0.0,0,0,MANUAL,0.0,0.0,16.4,256.2,False,False,OK,0.0,-0.4,-1.8,256.2,0.0,2026-04-17T03:07:12.762
2026-04-16T20:07:13.761Z,USV-001,0.0,0.0,0,0,MANUAL,0.0,0.0,16.5,256.2,False,False,OK,0.0,-0.4,-1.8,256.2,0.0,2026-04-17T03:07:13.771
2026-04-16T20:07:14.760Z,USV-001,0.0,0.0,0,0,MANUAL,0.0,0.0,16.5,256.2,False,False,OK,0.0,-0.4,-1.8,256.2,0.0,2026-04-17T03:07:14.763
2026-04-16T20:07:15.760Z,USV-001,0.0,0.0,0,0,MANUAL,0.0,0.0,16.6,256.2,False,False,OK,0.0,-0.4,-1.8,256.2,0.0,2026-04-17T03:07:15.762
2026-04-16T20:07:16.760Z,USV-001,0.0,0.0,0,0,MANUAL,0.0,0.0,16.5,256.3,False,False,OK,0.0,-0.4,-1.8,256.3,0.0,2026-04-17T03:07:17.840
2026-04-16T20:07:17.760Z,USV-001,0.0,0.0,0,0,MANUAL,0.0,0.0,16.3,256.3,False,False,OK,0.0,-0.4,-1.8,256.3,0.0,2026-04-17T03:07:17.861
2026-04-16T20:07:18.760Z,USV-001,0.0,0.0,0,0,MANUAL,0.0,0.0,16.3,256.3,False,False,OK,0.0,-0.4,-1.8,256.3,0.0,2026-04-17T03:07:18.762
2026-04-16T20:07:19.760Z,USV-001,0.0,0.0,0,0,MANUAL,0.0,0.0,16.5,256.3,False,False,OK,0.0,-0.4,-1.8,256.3,0.0,2026-04-17T03:07:19.765
2026-04-16T20:07:20.760Z,USV-001,0.0,0.0,0,0,MANUAL,0.0,0.0,16.6,256.3,False,False,OK,0.0,-0.4,-1.8,256.3,0.0,2026-04-17T03:07:21.557
2026-04-16T20:07:21.760Z,USV-001,0.0,0.0,0,0,MANUAL,0.0,0.0,16.5,256.2,False,False,OK,0.0,-0.4,-1.8,256.2,0.0,2026-04-17T03:07:21.762
2026-04-16T20:07:22.760Z,USV-001,0.0,0.0,0,0,MANUAL,0.0,0.0,16.6,256.3,False,False,OK,0.0,-0.4,-1.8,256.3,0.0,2026-04-17T03:07:22.763
2026-04-16T20:07:23.760Z,USV-001,0.0,0.0,0,0,MANUAL,0.0,0.0,16.5,256.3,False,False,OK,0.0,-0.4,-1.8,256.3,0.0,2026-04-17T03:07:23.762
2026-04-16T20:07:24.760Z,USV-001,0.0,0.0,0,0,MANUAL,0.0,0.0,16.3,256.3,False,False,OK,0.0,-0.4,-1.8,256.3,0.0,2026-04-17T03:07:24.762
2026-04-16T20:07:25.760Z,USV-001,0.0,0.0,0,0,MANUAL,0.0,0.0,16.4,256.4,False,False,OK,0.0,-0.4,-1.8,256.4,0.0,2026-04-17T03:07:25.762
2026-04-16T20:07:26.760Z,USV-001,0.0,0.0,0,0,MANUAL,0.0,0.0,16.4,256.4,False,False,OK,0.0,-0.4,-1.8,256.4,0.0,2026-04-17T03:07:26.762
2026-04-16T20:07:27.760Z,USV-001,0.0,0.0,0,0,MANUAL,0.0,0.0,16.5,256.4,False,False,OK,0.0,-0.4,-1.8,256.4,0.0,2026-04-17T03:07:27.762
2026-04-16T20:07:28.760Z,USV-001,0.0,0.0,0,0,MANUAL,0.0,0.0,16.7,256.4,False,False,OK,0.0,-0.4,-1.8,256.4,0.0,2026-04-17T03:07:28.762
2026-04-16T20:07:29.760Z,USV-001,0.0,0.0,0,0,MANUAL,0.0,0.0,16.6,256.5,False,False,OK,0.0,-0.4,-1.8,256.5,0.0,2026-04-17T03:07:29.764
2026-04-16T20:07:30.760Z,USV-001,0.0,0.0,0,0,MANUAL,0.0,0.0,16.4,256.4,False,False,OK,0.0,-0.4,-1.8,256.4,0.0,2026-04-17T03:07:30.762
2026-04-16T20:07:31.760Z,USV-001,0.0,0.0,0,0,MANUAL,0.0,0.0,16.3,256.4,False,False,OK,0.0,-0.4,-1.8,256.4,0.0,2026-04-17T03:07:31.763
2026-04-16T20:07:32.760Z,USV-001,0.0,0.0,0,0,MANUAL,0.0,0.0,16.5,256.3,False,False,OK,0.0,-0.4,-1.8,256.3,0.0,2026-04-17T03:07:32.764
2026-04-16T20:07:33.761Z,USV-001,0.0,0.0,0,0,MANUAL,0.0,0.0,16.5,256.3,False,False,OK,0.0,-0.4,-1.8,256.3,0.0,2026-04-17T03:07:33.769
2026-04-16T20:07:34.760Z,USV-001,0.0,0.0,0,0,MANUAL,0.0,0.0,16.5,256.3,False,False,OK,0.0,-0.4,-1.8,256.3,0.0,2026-04-17T03:07:34.767
2026-04-16T20:07:35.760Z,USV-001,0.0,0.0,0,0,MANUAL,0.0,0.0,16.4,256.3,False,False,OK,0.0,-0.4,-1.8,256.3,0.0,2026-04-17T03:07:35.767
2026-04-16T20:07:36.760Z,USV-001,0.0,0.0,0,0,MANUAL,0.0,0.0,16.4,256.3,False,False,OK,0.0,-0.4,-1.8,256.3,0.0,2026-04-17T03:07:36.767
2026-04-16T20:07:37.761Z,USV-001,0.0,0.0,0,0,MANUAL,0.0,0.0,16.5,256.3,False,False,OK,0.0,-0.4,-1.8,256.3,0.0,2026-04-17T03:07:37.766
2026-04-16T20:07:38.760Z,USV-001,0.0,0.0,0,0,MANUAL,0.0,0.0,16.4,256.2,False,False,OK,0.0,-0.4,-1.8,256.2,0.0,2026-04-17T03:07:38.768
2026-04-16T20:07:39.761Z,USV-001,0.0,0.0,0,0,MANUAL,0.0,0.0,16.5,256.1,False,False,OK,0.0,-0.4,-1.8,256.1,0.0,2026-04-17T03:07:39.766
2026-04-16T20:07:40.761Z,USV-001,0.0,0.0,0,0,MANUAL,0.0,0.0,16.4,256.1,False,False,OK,0.0,-0.4,-1.8,256.1,0.0,2026-04-17T03:07:40.768
2026-04-16T20:07:41.762Z,USV-001,0.0,0.0,0,0,MANUAL,0.0,0.0,16.4,256.1,False,False,OK,0.0,-0.4,-1.8,256.1,0.0,2026-04-17T03:07:41.771
2026-04-16T20:07:42.762Z,USV-001,0.0,0.0,0,0,MANUAL,0.0,0.0,16.4,256.0,False,False,OK,0.0,-0.4,-1.8,256.0,0.0,2026-04-17T03:07:42.771
2026-04-16T20:07:43.761Z,USV-001,0.0,0.0,0,0,MANUAL,0.0,0.0,16.6,256.0,False,False,OK,0.0,-0.4,-1.8,256.0,0.0,2026-04-17T03:07:43.771
2026-04-16T20:07:44.761Z,USV-001,0.0,0.0,0,0,MANUAL,0.0,0.0,16.4,255.9,False,False,OK,0.0,-0.4,-1.8,255.9,0.0,2026-04-17T03:07:44.769
2026-04-16T20:07:45.761Z,USV-001,0.0,0.0,0,0,MANUAL,0.0,0.0,16.5,255.9,False,False,OK,0.0,-0.4,-1.8,255.9,0.0,2026-04-17T03:07:45.770
2026-04-16T20:07:46.761Z,USV-001,0.0,0.0,0,0,MANUAL,0.0,0.0,16.4,255.9,False,False,OK,0.0,-0.4,-1.8,255.9,0.0,2026-04-17T03:07:46.770
2026-04-16T20:07:47.760Z,USV-001,0.0,0.0,0,0,MANUAL,0.0,0.0,16.4,255.9,False,False,OK,0.0,-0.4,-1.8,255.9,0.0,2026-04-17T03:07:47.771
2026-04-16T20:07:48.761Z,USV-001,0.0,0.0,0,0,MANUAL,0.0,0.0,16.4,255.8,False,False,OK,0.0,-0.4,-1.8,255.8,0.0,2026-04-17T03:07:48.770
2026-04-16T20:07:49.762Z,USV-001,0.0,0.0,0,0,MANUAL,0.0,0.0,16.5,255.8,False,False,OK,0.0,-0.4,-1.8,255.8,0.0,2026-04-17T03:07:49.772
2026-04-16T20:07:50.760Z,USV-001,0.0,0.0,0,0,MANUAL,0.0,0.0,16.4,255.7,False,False,OK,0.0,-0.4,-1.8,255.7,0.0,2026-04-17T03:07:50.768
2026-04-16T20:07:51.761Z,USV-001,0.0,0.0,0,0,MANUAL,0.0,0.0,16.6,255.7,False,False,OK,0.0,-0.4,-1.8,255.7,0.0,2026-04-17T03:07:51.768
2026-04-16T20:07:52.760Z,USV-001,0.0,0.0,0,0,MANUAL,0.0,0.0,16.3,255.7,False,False,OK,0.0,-0.4,-1.8,255.7,0.0,2026-04-17T03:07:52.767
2026-04-16T20:07:53.760Z,USV-001,0.0,0.0,0,0,MANUAL,0.0,0.0,16.2,255.7,False,False,OK,0.0,-0.4,-1.8,255.7,0.0,2026-04-17T03:07:53.763
2026-04-16T20:07:54.760Z,USV-001,0.0,0.0,0,0,MANUAL,0.0,0.0,16.5,255.7,False,False,OK,0.0,-0.4,-1.8,255.7,0.0,2026-04-17T03:07:54.764
2026-04-16T20:07:55.761Z,USV-001,0.0,0.0,0,0,MANUAL,0.0,0.0,16.4,255.7,False,False,OK,0.0,-0.4,-1.8,255.7,0.0,2026-04-17T03:07:55.771
2026-04-16T20:07:56.760Z,USV-001,0.0,0.0,0,0,MANUAL,0.0,0.0,16.2,255.7,False,False,OK,0.0,-0.4,-1.8,255.7,0.0,2026-04-17T03:07:56.766
2026-04-16T20:07:57.760Z,USV-001,0.0,0.0,0,0,MANUAL,0.0,0.0,16.4,255.8,False,False,OK,0.0,-0.4,-1.8,255.8,0.0,2026-04-17T03:07:57.765
2026-04-16T20:07:58.761Z,USV-001,0.0,0.0,0,0,MANUAL,0.0,0.0,16.3,255.8,False,False,OK,0.0,-0.4,-1.8,255.8,0.0,2026-04-17T03:07:58.768
2026-04-16T20:07:59.761Z,USV-001,0.0,0.0,0,0,MANUAL,0.0,0.0,16.4,255.8,False,False,OK,0.0,-0.4,-1.8,255.8,0.0,2026-04-17T03:07:59.771
2026-04-16T20:08:00.760Z,USV-001,0.0,0.0,0,0,MANUAL,0.0,0.0,16.5,255.8,False,False,OK,0.0,-0.4,-1.8,255.8,0.0,2026-04-17T03:08:00.767
2026-04-16T20:08:01.761Z,USV-001,0.0,0.0,0,0,MANUAL,0.0,0.0,16.4,255.7,False,False,OK,0.0,-0.4,-1.8,255.7,0.0,2026-04-17T03:08:01.768
2026-04-16T20:08:02.760Z,USV-001,0.0,0.0,0,0,MANUAL,0.0,0.0,16.4,255.7,False,False,OK,0.0,-0.4,-1.8,255.7,0.0,2026-04-17T03:08:02.768
2026-04-16T20:08:03.761Z,USV-001,0.0,0.0,0,0,MANUAL,0.0,0.0,16.4,255.8,False,False,OK,0.0,-0.4,-1.8,255.8,0.0,2026-04-17T03:08:03.768
2026-04-16T20:08:04.760Z,USV-001,0.0,0.0,0,0,MANUAL,0.0,0.0,16.5,255.8,False,False,OK,0.0,-0.4,-1.8,255.8,0.0,2026-04-17T03:08:04.768
2026-04-16T20:08:05.760Z,USV-001,0.0,0.0,0,0,MANUAL,0.0,0.0,16.4,255.8,False,False,OK,0.0,-0.4,-1.8,255.8,0.0,2026-04-17T03:08:05.768
2026-04-16T20:08:06.761Z,USV-001,0.0,0.0,0,0,MANUAL,0.0,0.0,16.4,255.8,False,False,OK,0.0,-0.4,-1.8,255.8,0.0,2026-04-17T03:08:06.768
2026-04-16T20:08:07.761Z,USV-001,0.0,0.0,0,0,MANUAL,0.0,0.0,16.4,255.7,False,False,OK,0.0,-0.4,-1.8,255.7,0.0,2026-04-17T03:08:07.766
2026-04-16T20:08:08.761Z,USV-001,0.0,0.0,0,0,MANUAL,0.0,0.0,16.3,255.7,False,False,OK,0.0,-0.4,-1.8,255.7,0.0,2026-04-17T03:08:08.768
2026-04-16T20:08:09.760Z,USV-001,0.0,0.0,0,0,MANUAL,0.0,0.0,16.4,255.7,False,False,OK,0.0,-0.4,-1.8,255.7,0.0,2026-04-17T03:08:09.767
2026-04-16T20:08:10.761Z,USV-001,0.0,0.0,0,0,MANUAL,0.0,0.0,16.5,255.7,False,False,OK,0.0,-0.4,-1.8,255.7,0.0,2026-04-17T03:08:10.769
2026-04-16T20:08:11.760Z,USV-001,0.0,0.0,0,0,MANUAL,0.0,0.0,16.3,255.8,False,False,OK,0.0,-0.4,-1.8,255.8,0.0,2026-04-17T03:08:11.768
2026-04-16T20:08:12.760Z,USV-001,0.0,0.0,0,0,MANUAL,0.0,0.0,16.2,255.8,False,False,OK,0.0,-0.4,-1.8,255.8,0.0,2026-04-17T03:08:12.768
2026-04-16T20:08:13.760Z,USV-001,0.0,0.0,0,0,MANUAL,0.0,0.0,16.4,255.7,False,False,OK,0.0,-0.4,-1.8,255.7,0.0,2026-04-17T03:08:13.768
2026-04-16T20:08:14.761Z,USV-001,0.0,0.0,0,0,MANUAL,0.0,0.0,16.4,255.7,False,False,OK,0.0,-0.4,-1.8,255.7,0.0,2026-04-17T03:08:14.769
2026-04-16T20:08:15.761Z,USV-001,0.0,0.0,0,0,MANUAL,0.0,0.0,16.2,255.7,False,False,OK,0.0,-0.4,-1.8,255.7,0.0,2026-04-17T03:08:15.769
2026-04-16T20:08:16.760Z,USV-001,0.0,0.0,0,0,MANUAL,0.0,0.0,16.4,255.7,False,False,OK,0.0,-0.4,-1.8,255.7,0.0,2026-04-17T03:08:16.768
2026-04-16T20:08:17.761Z,USV-001,0.0,0.0,0,0,MANUAL,0.0,0.0,16.2,255.7,False,False,OK,0.0,-0.4,-1.8,255.7,0.0,2026-04-17T03:08:17.768
2026-04-16T20:08:18.761Z,USV-001,0.0,0.0,0,0,MANUAL,0.0,0.0,16.4,255.7,False,False,OK,0.0,-0.4,-1.8,255.7,0.0,2026-04-17T03:08:18.768
2026-04-16T20:08:19.761Z,USV-001,0.0,0.0,0,0,MANUAL,0.0,0.0,16.3,255.7,False,False,OK,0.0,-0.4,-1.8,255.7,0.0,2026-04-17T03:08:19.768
2026-04-16T20:08:20.760Z,USV-001,0.0,0.0,0,0,MANUAL,0.0,0.0,16.1,255.7,False,False,OK,0.0,-0.4,-1.8,255.7,0.0,2026-04-17T03:08:20.762
2026-04-16T20:08:21.760Z,USV-001,0.0,0.0,0,0,MANUAL,0.0,0.0,16.4,255.8,False,False,OK,0.0,-0.4,-1.8,255.8,0.0,2026-04-17T03:08:21.764
2026-04-16T20:08:22.761Z,USV-001,0.0,0.0,0,0,MANUAL,0.0,0.0,16.5,255.8,False,False,OK,0.0,-0.4,-1.8,255.8,0.0,2026-04-17T03:08:22.768
2026-04-16T20:08:23.761Z,USV-001,0.0,0.0,0,0,MANUAL,0.0,0.0,16.2,255.8,False,False,OK,0.0,-0.4,-1.8,255.8,0.0,2026-04-17T03:08:23.768
2026-04-16T20:08:24.761Z,USV-001,0.0,0.0,0,0,MANUAL,0.0,0.0,16.5,255.8,False,False,OK,0.0,-0.4,-1.8,255.8,0.0,2026-04-17T03:08:24.768
2026-04-16T20:08:25.760Z,USV-001,0.0,0.0,0,0,MANUAL,0.0,0.0,16.3,255.8,False,False,OK,0.0,-0.4,-1.8,255.8,0.0,2026-04-17T03:08:25.768
2026-04-16T20:08:26.761Z,USV-001,0.0,0.0,0,0,MANUAL,0.0,0.0,16.4,255.8,False,False,OK,0.0,-0.4,-1.8,255.8,0.0,2026-04-17T03:08:26.769
2026-04-16T20:08:27.761Z,USV-001,0.0,0.0,0,0,MANUAL,0.0,0.0,16.5,255.8,False,False,OK,0.0,-0.4,-1.8,255.8,0.0,2026-04-17T03:08:27.769
2026-04-16T20:08:28.761Z,USV-001,0.0,0.0,0,0,MANUAL,0.0,0.0,16.4,255.8,False,False,OK,0.0,-0.4,-1.8,255.8,0.0,2026-04-17T03:08:28.769
2026-04-16T20:08:29.761Z,USV-001,0.0,0.0,0,0,MANUAL,0.0,0.0,16.3,255.8,False,False,OK,0.0,-0.4,-1.8,255.8,0.0,2026-04-17T03:08:29.769
2026-04-16T20:08:30.761Z,USV-001,0.0,0.0,0,0,MANUAL,0.0,0.0,16.4,255.8,False,False,OK,0.0,-0.4,-1.8,255.8,0.0,2026-04-17T03:08:35.678
2026-04-16T20:08:31.761Z,USV-001,0.0,0.0,0,0,MANUAL,0.0,0.0,16.4,255.8,False,False,OK,0.0,-0.4,-1.8,255.8,0.0,2026-04-17T03:08:35.687
2026-04-16T20:08:32.760Z,USV-001,0.0,0.0,0,0,MANUAL,0.0,0.0,16.2,255.7,False,False,OK,0.0,-0.4,-1.8,255.7,0.0,2026-04-17T03:08:35.696
2026-04-16T20:08:33.760Z,USV-001,0.0,0.0,0,0,MANUAL,0.0,0.0,16.3,255.7,False,False,OK,0.0,-0.4,-1.8,255.7,0.0,2026-04-17T03:08:35.703
2026-04-16T20:08:34.760Z,USV-001,0.0,0.0,0,0,MANUAL,0.0,0.0,16.3,255.8,False,False,OK,0.0,-0.4,-1.8,255.8,0.0,2026-04-17T03:08:35.706
2026-04-16T20:08:35.760Z,USV-001,0.0,0.0,0,0,MANUAL,0.0,0.0,16.2,255.8,False,False,OK,0.0,-0.4,-1.8,255.8,0.0,2026-04-17T03:08:35.763
2026-04-16T20:08:36.761Z,USV-001,0.0,0.0,0,0,MANUAL,0.0,0.0,16.1,255.8,False,False,OK,0.0,-0.4,-1.8,255.8,0.0,2026-04-17T03:08:36.767
2026-04-16T20:08:37.760Z,USV-001,0.0,0.0,0,0,MANUAL,0.0,0.0,16.4,255.9,False,False,OK,0.0,-0.4,-1.8,255.9,0.0,2026-04-17T03:08:37.767
2026-04-16T20:08:38.760Z,USV-001,0.0,0.0,0,0,MANUAL,0.0,0.0,16.4,255.9,False,False,OK,0.0,-0.4,-1.8,255.9,0.0,2026-04-17T03:08:38.767
2026-04-16T20:08:39.761Z,USV-001,0.0,0.0,0,0,MANUAL,0.0,0.0,16.2,256.0,False,False,OK,0.0,-0.4,-1.8,256.0,0.0,2026-04-17T03:08:39.770
2026-04-16T20:08:40.761Z,USV-001,0.0,0.0,0,0,MANUAL,0.0,0.0,16.2,255.9,False,False,OK,0.0,-0.4,-1.8,255.9,0.0,2026-04-17T03:08:40.768
2026-04-16T20:08:41.760Z,USV-001,0.0,0.0,0,0,MANUAL,0.0,0.0,16.3,255.9,False,False,OK,0.0,-0.4,-1.8,255.9,0.0,2026-04-17T03:08:41.767
2026-04-16T20:08:42.761Z,USV-001,0.0,0.0,0,0,MANUAL,0.0,0.0,16.3,255.9,False,False,OK,0.0,-0.4,-1.8,255.9,0.0,2026-04-17T03:08:42.769
2026-04-16T20:08:43.760Z,USV-001,0.0,0.0,0,0,MANUAL,0.0,0.0,16.1,255.9,False,False,OK,0.0,-0.4,-1.8,255.9,0.0,2026-04-17T03:08:43.768
2026-04-16T20:08:44.760Z,USV-001,0.0,0.0,0,0,MANUAL,0.0,0.0,16.4,255.9,False,False,OK,0.0,-0.4,-1.8,255.9,0.0,2026-04-17T03:08:44.768
2026-04-16T20:08:45.761Z,USV-001,0.0,0.0,0,0,MANUAL,0.0,0.0,16.4,255.9,False,False,OK,0.0,-0.4,-1.8,255.9,0.0,2026-04-17T03:08:45.769
2026-04-16T20:08:46.760Z,USV-001,0.0,0.0,0,0,MANUAL,0.0,0.0,16.3,255.9,False,False,OK,0.0,-0.4,-1.8,255.9,0.0,2026-04-17T03:08:46.768
2026-04-16T20:08:47.760Z,USV-001,0.0,0.0,0,0,MANUAL,0.0,0.0,16.4,255.8,False,False,OK,0.0,-0.4,-1.8,255.8,0.0,2026-04-17T03:08:47.762
2026-04-16T20:08:48.761Z,USV-001,0.0,0.0,0,0,MANUAL,0.0,0.0,16.3,255.8,False,False,OK,0.0,-0.4,-1.8,255.8,0.0,2026-04-17T03:08:48.769
2026-04-16T20:08:49.760Z,USV-001,0.0,0.0,0,0,MANUAL,0.0,0.0,16.3,255.8,False,False,OK,0.0,-0.4,-1.8,255.8,0.0,2026-04-17T03:08:49.767
2026-04-16T20:08:50.760Z,USV-001,0.0,0.0,0,0,MANUAL,0.0,0.0,16.3,255.8,False,False,OK,0.0,-0.4,-1.8,255.8,0.0,2026-04-17T03:08:50.767
2026-04-16T20:08:51.761Z,USV-001,0.0,0.0,0,0,MANUAL,0.0,0.0,16.2,255.8,False,False,OK,0.0,-0.4,-1.8,255.8,0.0,2026-04-17T03:08:51.768
2026-04-16T20:08:52.761Z,USV-001,0.0,0.0,0,0,MANUAL,0.0,0.0,16.4,255.8,False,False,OK,0.0,-0.4,-1.8,255.8,0.0,2026-04-17T03:08:52.767
2026-04-16T20:08:53.760Z,USV-001,0.0,0.0,0,0,MANUAL,0.0,0.0,16.4,255.9,False,False,OK,0.0,-0.4,-1.8,255.9,0.0,2026-04-17T03:08:53.768
2026-04-16T20:08:54.760Z,USV-001,0.0,0.0,0,0,MANUAL,0.0,0.0,16.2,255.9,False,False,OK,0.0,-0.4,-1.8,255.9,0.0,2026-04-17T03:08:54.768
2026-04-16T20:08:55.760Z,USV-001,0.0,0.0,0,0,MANUAL,0.0,0.0,16.2,256.0,False,False,OK,0.0,-0.4,-1.8,256.0,0.0,2026-04-17T03:08:55.767
2026-04-16T20:08:56.761Z,USV-001,0.0,0.0,0,0,MANUAL,0.0,0.0,16.3,256.0,False,False,OK,0.0,-0.4,-1.8,256.0,0.0,2026-04-17T03:08:56.768
2026-04-16T20:08:57.760Z,USV-001,0.0,0.0,0,0,MANUAL,0.0,0.0,16.4,255.9,False,False,OK,0.0,-0.4,-1.8,255.9,0.0,2026-04-17T03:08:57.768
2026-04-16T20:08:58.760Z,USV-001,0.0,0.0,0,0,MANUAL,0.0,0.0,16.2,255.9,False,False,OK,0.0,-0.4,-1.8,255.9,0.0,2026-04-17T03:08:58.767
2026-04-16T20:08:59.761Z,USV-001,0.0,0.0,0,0,MANUAL,0.0,0.0,16.2,255.9,False,False,OK,0.0,-0.4,-1.8,255.9,0.0,2026-04-17T03:08:59.768
2026-04-16T20:09:00.760Z,USV-001,0.0,0.0,0,0,MANUAL,0.0,0.0,16.2,255.8,False,False,OK,0.0,-0.4,-1.8,255.8,0.0,2026-04-17T03:09:00.767
2026-04-16T20:09:01.761Z,USV-001,0.0,0.0,0,0,MANUAL,0.0,0.0,16.4,255.8,False,False,OK,0.0,-0.4,-1.8,255.8,0.0,2026-04-17T03:09:01.768
2026-04-16T20:09:02.761Z,USV-001,0.0,0.0,0,0,MANUAL,0.0,0.0,16.4,255.7,False,False,OK,0.0,-0.4,-1.8,255.7,0.0,2026-04-17T03:09:02.768
2026-04-16T20:09:03.761Z,USV-001,0.0,0.0,0,0,MANUAL,0.0,0.0,16.0,255.7,False,False,OK,0.0,-0.4,-1.8,255.7,0.0,2026-04-17T03:09:03.767
2026-04-16T20:09:04.760Z,USV-001,0.0,0.0,0,0,MANUAL,0.0,0.0,16.0,255.7,False,False,OK,0.0,-0.4,-1.8,255.7,0.0,2026-04-17T03:09:04.767
2026-04-16T20:09:05.760Z,USV-001,0.0,0.0,0,0,MANUAL,0.0,0.0,16.1,255.7,False,False,OK,0.0,-0.4,-1.8,255.7,0.0,2026-04-17T03:09:05.767
2026-04-16T20:09:06.760Z,USV-001,0.0,0.0,0,0,MANUAL,0.0,0.0,16.3,255.6,False,False,OK,0.0,-0.4,-1.8,255.6,0.0,2026-04-17T03:09:06.767
2026-04-16T20:09:07.760Z,USV-001,0.0,0.0,0,0,MANUAL,0.0,0.0,16.3,255.7,False,False,OK,0.0,-0.4,-1.8,255.7,0.0,2026-04-17T03:09:07.767
2026-04-16T20:09:08.760Z,USV-001,0.0,0.0,0,0,MANUAL,0.0,0.0,16.1,255.6,False,False,OK,0.0,-0.4,-1.8,255.6,0.0,2026-04-17T03:09:08.766
2026-04-16T20:09:09.760Z,USV-001,0.0,0.0,0,0,MANUAL,0.0,0.0,16.2,255.7,False,False,OK,0.0,-0.4,-1.8,255.7,0.0,2026-04-17T03:09:09.768
2026-04-16T20:09:10.760Z,USV-001,0.0,0.0,0,0,MANUAL,0.0,0.0,16.3,255.7,False,False,OK,0.0,-0.4,-1.8,255.7,0.0,2026-04-17T03:09:10.768
2026-04-16T20:09:11.761Z,USV-001,0.0,0.0,0,0,MANUAL,0.0,0.0,16.2,255.7,False,False,OK,0.0,-0.4,-1.8,255.7,0.0,2026-04-17T03:09:11.768
2026-04-16T20:09:12.760Z,USV-001,0.0,0.0,0,0,MANUAL,0.0,0.0,16.2,255.7,False,False,OK,0.0,-0.4,-1.8,255.7,0.0,2026-04-17T03:09:12.768
2026-04-16T20:09:13.761Z,USV-001,0.0,0.0,0,0,MANUAL,0.0,0.0,16.3,255.8,False,False,OK,0.0,-0.4,-1.8,255.8,0.0,2026-04-17T03:09:13.768
2026-04-16T20:09:14.761Z,USV-001,0.0,0.0,0,0,MANUAL,0.0,0.0,16.2,255.8,False,False,OK,0.0,-0.4,-1.8,255.8,0.0,2026-04-17T03:09:14.767
2026-04-16T20:09:15.760Z,USV-001,0.0,0.0,0,0,MANUAL,0.0,0.0,16.1,255.8,False,False,OK,0.0,-0.4,-1.8,255.8,0.0,2026-04-17T03:09:15.768
2026-04-16T20:09:16.761Z,USV-001,0.0,0.0,0,0,MANUAL,0.0,0.0,16.1,255.8,False,False,OK,0.0,-0.4,-1.8,255.8,0.0,2026-04-17T03:09:16.769
2026-04-16T20:09:17.760Z,USV-001,0.0,0.0,0,0,MANUAL,0.0,0.0,16.2,255.8,False,False,OK,0.0,-0.4,-1.8,255.8,0.0,2026-04-17T03:09:17.767
2026-04-16T20:09:18.760Z,USV-001,0.0,0.0,0,0,MANUAL,0.0,0.0,16.3,255.7,False,False,OK,0.0,-0.4,-1.8,255.7,0.0,2026-04-17T03:09:18.767
2026-04-16T20:09:19.760Z,USV-001,0.0,0.0,0,0,MANUAL,0.0,0.0,16.1,255.7,False,False,OK,0.0,-0.4,-1.8,255.7,0.0,2026-04-17T03:09:19.767
2026-04-16T20:09:20.760Z,USV-001,0.0,0.0,0,0,MANUAL,0.0,0.0,16.1,255.7,False,False,OK,0.0,-0.4,-1.8,255.7,0.0,2026-04-17T03:09:20.767
2026-04-16T20:09:21.760Z,USV-001,0.0,0.0,0,0,MANUAL,0.0,0.0,16.3,255.7,False,False,OK,0.0,-0.4,-1.8,255.7,0.0,2026-04-17T03:09:21.768
2026-04-16T20:09:22.760Z,USV-001,0.0,0.0,0,0,MANUAL,0.0,0.0,16.1,255.7,False,False,OK,0.0,-0.4,-1.8,255.7,0.0,2026-04-17T03:09:22.767
2026-04-16T20:09:23.760Z,USV-001,0.0,0.0,0,0,MANUAL,0.0,0.0,16.2,255.8,False,False,OK,0.0,-0.4,-1.8,255.8,0.0,2026-04-17T03:09:23.768
2026-04-16T20:09:24.761Z,USV-001,0.0,0.0,0,0,MANUAL,0.0,0.0,16.0,255.8,False,False,OK,0.0,-0.4,-1.8,255.8,0.0,2026-04-17T03:09:24.768
2026-04-16T20:09:25.760Z,USV-001,0.0,0.0,0,0,MANUAL,0.0,0.0,16.2,255.8,False,False,OK,0.0,-0.4,-1.8,255.8,0.0,2026-04-17T03:09:25.767
2026-04-16T20:09:26.761Z,USV-001,0.0,0.0,0,0,MANUAL,0.0,0.0,16.2,255.8,False,False,OK,0.0,-0.4,-1.8,255.8,0.0,2026-04-17T03:09:26.768
2026-04-16T20:09:27.760Z,USV-001,0.0,0.0,0,0,MANUAL,0.0,0.0,16.1,255.9,False,False,OK,0.0,-0.4,-1.8,255.9,0.0,2026-04-17T03:09:27.767
2026-04-16T20:09:28.760Z,USV-001,0.0,0.0,0,0,MANUAL,0.0,0.0,16.0,255.9,False,False,OK,0.0,-0.4,-1.8,255.9,0.0,2026-04-17T03:09:28.767
2026-04-16T20:09:29.760Z,USV-001,0.0,0.0,0,0,MANUAL,0.0,0.0,16.0,255.9,False,False,OK,0.0,-0.4,-1.8,255.9,0.0,2026-04-17T03:09:29.767
2026-04-16T20:09:30.760Z,USV-001,0.0,0.0,0,0,MANUAL,0.0,0.0,16.2,255.8,False,False,OK,0.0,-0.4,-1.8,255.8,0.0,2026-04-17T03:09:30.768
2026-04-16T20:09:31.760Z,USV-001,0.0,0.0,0,0,MANUAL,0.0,0.0,16.2,255.8,False,False,OK,0.0,-0.4,-1.8,255.8,0.0,2026-04-17T03:09:31.767
2026-04-16T20:09:32.760Z,USV-001,0.0,0.0,0,0,MANUAL,0.0,0.0,16.0,255.8,False,False,OK,0.0,-0.4,-1.8,255.8,0.0,2026-04-17T03:09:32.767
2026-04-16T20:09:33.760Z,USV-001,0.0,0.0,0,0,MANUAL,0.0,0.0,16.1,255.9,False,False,OK,0.0,-0.4,-1.8,255.9,0.0,2026-04-17T03:09:33.767
2026-04-16T20:09:34.760Z,USV-001,0.0,0.0,0,0,MANUAL,0.0,0.0,16.1,255.9,False,False,OK,0.0,-0.4,-1.8,255.9,0.0,2026-04-17T03:09:34.768
2026-04-16T20:09:35.761Z,USV-001,0.0,0.0,0,0,MANUAL,0.0,0.0,16.2,255.9,False,False,OK,0.0,-0.4,-1.8,255.9,0.0,2026-04-17T03:09:35.768
2026-04-16T20:09:36.761Z,USV-001,0.0,0.0,0,0,MANUAL,0.0,0.0,16.0,255.9,False,False,OK,0.0,-0.4,-1.8,255.9,0.0,2026-04-17T03:09:36.767
2026-04-16T20:09:37.760Z,USV-001,0.0,0.0,0,0,MANUAL,0.0,0.0,16.1,255.9,False,False,OK,0.0,-0.4,-1.8,255.9,0.0,2026-04-17T03:09:37.768
2026-04-16T20:09:38.760Z,USV-001,0.0,0.0,0,0,MANUAL,0.0,0.0,16.3,255.9,False,False,OK,0.0,-0.4,-1.8,255.9,0.0,2026-04-17T03:09:38.767
2026-04-16T20:09:39.760Z,USV-001,0.0,0.0,0,0,MANUAL,0.0,0.0,16.1,255.9,False,False,OK,0.0,-0.4,-1.8,255.9,0.0,2026-04-17T03:09:39.767
2026-04-16T20:09:40.760Z,USV-001,0.0,0.0,0,0,MANUAL,0.0,0.0,15.9,255.9,False,False,OK,0.0,-0.4,-1.8,255.9,0.0,2026-04-17T03:09:40.768
2026-04-16T20:09:41.760Z,USV-001,0.0,0.0,0,0,MANUAL,0.0,0.0,15.9,255.9,False,False,OK,0.0,-0.4,-1.8,255.9,0.0,2026-04-17T03:09:41.768
2026-04-16T20:09:42.760Z,USV-001,0.0,0.0,0,0,MANUAL,0.0,0.0,16.0,255.9,False,False,OK,0.0,-0.4,-1.8,255.9,0.0,2026-04-17T03:09:42.768
2026-04-16T20:09:43.760Z,USV-001,0.0,0.0,0,0,MANUAL,0.0,0.0,16.1,255.9,False,False,OK,0.0,-0.4,-1.8,255.9,0.0,2026-04-17T03:09:43.767
2026-04-16T20:09:44.760Z,USV-001,0.0,0.0,0,0,MANUAL,0.0,0.0,16.1,255.9,False,False,OK,0.0,-0.4,-1.8,255.9,0.0,2026-04-17T03:09:44.768
2026-04-16T20:09:45.760Z,USV-001,0.0,0.0,0,0,MANUAL,0.0,0.0,16.2,255.9,False,False,OK,0.0,-0.4,-1.8,255.9,0.0,2026-04-17T03:09:45.768
2026-04-16T20:09:46.761Z,USV-001,0.0,0.0,0,0,MANUAL,0.0,0.0,16.0,255.8,False,False,OK,0.0,-0.4,-1.8,255.8,0.0,2026-04-17T03:09:46.768
2026-04-16T20:09:47.760Z,USV-001,0.0,0.0,0,0,MANUAL,0.0,0.0,16.0,255.8,False,False,OK,0.0,-0.4,-1.8,255.8,0.0,2026-04-17T03:09:47.767
2026-04-16T20:09:48.760Z,USV-001,0.0,0.0,0,0,MANUAL,0.0,0.0,16.2,255.8,False,False,OK,0.0,-0.4,-1.8,255.8,0.0,2026-04-17T03:09:48.768
2026-04-16T20:09:49.760Z,USV-001,0.0,0.0,0,0,MANUAL,0.0,0.0,16.0,255.8,False,False,OK,0.0,-0.4,-1.8,255.8,0.0,2026-04-17T03:09:49.768
2026-04-16T20:09:50.761Z,USV-001,0.0,0.0,0,0,MANUAL,0.0,0.0,16.2,255.8,False,False,OK,0.0,-0.4,-1.8,255.8,0.0,2026-04-17T03:09:50.768
2026-04-16T20:09:51.760Z,USV-001,0.0,0.0,0,0,MANUAL,0.0,0.0,16.2,255.8,False,False,OK,0.0,-0.4,-1.8,255.8,0.0,2026-04-17T03:09:51.767
2026-04-16T20:09:52.760Z,USV-001,0.0,0.0,0,0,MANUAL,0.0,0.0,16.2,255.8,False,False,OK,0.0,-0.4,-1.8,255.8,0.0,2026-04-17T03:09:52.767
2026-04-16T20:09:53.760Z,USV-001,0.0,0.0,0,0,MANUAL,0.0,0.0,16.1,255.8,False,False,OK,0.0,-0.4,-1.8,255.8,0.0,2026-04-17T03:09:53.767
2026-04-16T20:09:54.760Z,USV-001,0.0,0.0,0,0,MANUAL,0.0,0.0,16.1,255.8,False,False,OK,0.0,-0.4,-1.8,255.8,0.0,2026-04-17T03:09:54.767
2026-04-16T20:09:55.760Z,USV-001,0.0,0.0,0,0,MANUAL,0.0,0.0,16.0,255.8,False,False,OK,0.0,-0.4,-1.8,255.8,0.0,2026-04-17T03:09:55.767
2026-04-16T20:09:56.761Z,USV-001,0.0,0.0,0,0,MANUAL,0.0,0.0,16.1,255.8,False,False,OK,0.0,-0.4,-1.8,255.8,0.0,2026-04-17T03:09:56.768
2026-04-16T20:09:57.761Z,USV-001,0.0,0.0,0,0,MANUAL,0.0,0.0,16.1,255.7,False,False,OK,0.0,-0.4,-1.8,255.7,0.0,2026-04-17T03:09:57.768
2026-04-16T20:09:58.760Z,USV-001,0.0,0.0,0,0,MANUAL,0.0,0.0,16.1,255.7,False,False,OK,0.0,-0.4,-1.8,255.7,0.0,2026-04-17T03:09:58.767
2026-04-16T20:09:59.760Z,USV-001,0.0,0.0,0,0,MANUAL,0.0,0.0,16.0,255.7,False,False,OK,0.0,-0.4,-1.8,255.7,0.0,2026-04-17T03:09:59.767
2026-04-16T20:10:00.760Z,USV-001,0.0,0.0,0,0,MANUAL,0.0,0.0,15.9,255.7,False,False,OK,0.0,-0.4,-1.8,255.7,0.0,2026-04-17T03:10:00.767
2026-04-16T20:10:01.761Z,USV-001,0.0,0.0,0,0,MANUAL,0.0,0.0,16.2,255.6,False,False,OK,0.0,-0.4,-1.8,255.6,0.0,2026-04-17T03:10:01.768
2026-04-16T20:10:02.760Z,USV-001,0.0,0.0,0,0,MANUAL,0.0,0.0,16.0,255.5,False,False,OK,0.0,-0.4,-1.8,255.5,0.0,2026-04-17T03:10:02.767
2026-04-16T20:10:03.760Z,USV-001,0.0,0.0,0,0,MANUAL,0.0,0.0,16.2,255.6,False,False,OK,0.0,-0.4,-1.8,255.6,0.0,2026-04-17T03:10:03.768
2026-04-16T20:10:04.760Z,USV-001,0.0,0.0,0,0,MANUAL,0.0,0.0,16.1,255.5,False,False,OK,0.0,-0.4,-1.8,255.5,0.0,2026-04-17T03:10:04.767
2026-04-16T20:10:05.760Z,USV-001,0.0,0.0,0,0,MANUAL,0.0,0.0,15.9,255.5,False,False,OK,0.0,-0.4,-1.8,255.5,0.0,2026-04-17T03:10:05.767
2026-04-16T20:10:06.760Z,USV-001,0.0,0.0,0,0,MANUAL,0.0,0.0,16.0,255.5,False,False,OK,0.0,-0.4,-1.8,255.5,0.0,2026-04-17T03:10:06.767
2026-04-16T20:10:07.760Z,USV-001,0.0,0.0,0,0,MANUAL,0.0,0.0,15.9,255.4,False,False,OK,0.0,-0.4,-1.8,255.4,0.0,2026-04-17T03:10:07.767
2026-04-16T20:10:08.761Z,USV-001,0.0,0.0,0,0,MANUAL,0.0,0.0,16.0,255.4,False,False,OK,0.0,-0.4,-1.8,255.4,0.0,2026-04-17T03:10:08.767
2026-04-16T20:10:09.760Z,USV-001,0.0,0.0,0,0,MANUAL,0.0,0.0,16.1,255.3,False,False,OK,0.0,-0.4,-1.8,255.3,0.0,2026-04-17T03:10:09.767
2026-04-16T20:10:10.760Z,USV-001,0.0,0.0,0,0,MANUAL,0.0,0.0,16.1,255.3,False,False,OK,0.0,-0.4,-1.8,255.3,0.0,2026-04-17T03:10:10.767
2026-04-16T20:10:11.760Z,USV-001,0.0,0.0,0,0,MANUAL,0.0,0.0,16.1,255.4,False,False,OK,0.0,-0.4,-1.8,255.4,0.0,2026-04-17T03:10:11.767
2026-04-16T20:10:12.760Z,USV-001,0.0,0.0,0,0,MANUAL,0.0,0.0,16.0,255.4,False,False,OK,0.0,-0.4,-1.8,255.4,0.0,2026-04-17T03:10:12.767
2026-04-16T20:10:13.760Z,USV-001,0.0,0.0,0,0,MANUAL,0.0,0.0,15.9,255.4,False,False,OK,0.0,-0.4,-1.8,255.4,0.0,2026-04-17T03:10:13.766
2026-04-16T20:10:14.760Z,USV-001,0.0,0.0,0,0,MANUAL,0.0,0.0,16.0,255.4,False,False,OK,0.0,-0.4,-1.8,255.4,0.0,2026-04-17T03:10:14.767
2026-04-16T20:10:15.760Z,USV-001,0.0,0.0,0,0,MANUAL,0.0,0.0,16.0,255.4,False,False,OK,0.0,-0.4,-1.8,255.4,0.0,2026-04-17T03:10:15.768
2026-04-16T20:10:16.760Z,USV-001,0.0,0.0,0,0,MANUAL,0.0,0.0,16.0,255.4,False,False,OK,0.0,-0.4,-1.8,255.4,0.0,2026-04-17T03:10:16.767
2026-04-16T20:10:17.760Z,USV-001,0.0,0.0,0,0,MANUAL,0.0,0.0,15.9,255.4,False,False,OK,0.0,-0.4,-1.8,255.4,0.0,2026-04-17T03:10:17.767
2026-04-16T20:10:18.760Z,USV-001,0.0,0.0,0,0,MANUAL,0.0,0.0,16.1,255.4,False,False,OK,0.0,-0.4,-1.8,255.4,0.0,2026-04-17T03:10:18.768
2026-04-16T20:10:19.761Z,USV-001,0.0,0.0,0,0,MANUAL,0.0,0.0,15.9,255.4,False,False,OK,0.0,-0.4,-1.8,255.4,0.0,2026-04-17T03:10:19.768
2026-04-16T20:10:20.761Z,USV-001,0.0,0.0,0,0,MANUAL,0.0,0.0,15.7,255.3,False,False,OK,0.0,-0.4,-1.8,255.3,0.0,2026-04-17T03:10:20.768
2026-04-16T20:10:21.760Z,USV-001,0.0,0.0,0,0,MANUAL,0.0,0.0,16.0,255.3,False,False,OK,0.0,-0.4,-1.8,255.3,0.0,2026-04-17T03:10:21.767
2026-04-16T20:10:22.761Z,USV-001,0.0,0.0,0,0,MANUAL,0.0,0.0,16.0,255.3,False,False,OK,0.0,-0.4,-1.8,255.3,0.0,2026-04-17T03:10:22.768
2026-04-16T20:10:23.760Z,USV-001,0.0,0.0,0,0,MANUAL,0.0,0.0,16.0,255.4,False,False,OK,0.0,-0.4,-1.8,255.4,0.0,2026-04-17T03:10:23.768
2026-04-16T20:10:24.761Z,USV-001,0.0,0.0,0,0,MANUAL,0.0,0.0,16.1,255.4,False,False,OK,0.0,-0.4,-1.8,255.4,0.0,2026-04-17T03:10:24.768
2026-04-16T20:10:25.760Z,USV-001,0.0,0.0,0,0,MANUAL,0.0,0.0,16.0,255.4,False,False,OK,0.0,-0.4,-1.8,255.4,0.0,2026-04-17T03:10:25.767
2026-04-16T20:10:26.760Z,USV-001,0.0,0.0,0,0,MANUAL,0.0,0.0,16.0,255.5,False,False,OK,0.0,-0.4,-1.8,255.5,0.0,2026-04-17T03:10:26.768
2026-04-16T20:10:27.760Z,USV-001,0.0,0.0,0,0,MANUAL,0.0,0.0,15.8,255.5,False,False,OK,0.0,-0.4,-1.8,255.5,0.0,2026-04-17T03:10:27.768
2026-04-16T20:10:28.760Z,USV-001,0.0,0.0,0,0,MANUAL,0.0,0.0,15.7,255.4,False,False,OK,0.0,-0.4,-1.8,255.4,0.0,2026-04-17T03:10:28.767
2026-04-16T20:10:29.760Z,USV-001,0.0,0.0,0,0,MANUAL,0.0,0.0,15.9,255.4,False,False,OK,0.0,-0.4,-1.8,255.4,0.0,2026-04-17T03:10:29.767
2026-04-16T20:10:30.761Z,USV-001,0.0,0.0,0,0,MANUAL,0.0,0.0,15.9,255.4,False,False,OK,0.0,-0.4,-1.8,255.4,0.0,2026-04-17T03:10:30.768
2026-04-16T20:10:31.761Z,USV-001,0.0,0.0,0,0,MANUAL,0.0,0.0,16.1,255.4,False,False,OK,0.0,-0.4,-1.8,255.4,0.0,2026-04-17T03:10:31.767
2026-04-16T20:10:32.760Z,USV-001,0.0,0.0,0,0,MANUAL,0.0,0.0,16.0,255.4,False,False,OK,0.0,-0.4,-1.8,255.4,0.0,2026-04-17T03:10:32.768
2026-04-16T20:10:33.761Z,USV-001,0.0,0.0,0,0,MANUAL,0.0,0.0,15.9,255.4,False,False,OK,0.0,-0.4,-1.8,255.4,0.0,2026-04-17T03:10:33.769
2026-04-16T20:10:34.760Z,USV-001,0.0,0.0,0,0,MANUAL,0.0,0.0,16.0,255.4,False,False,OK,0.0,-0.4,-1.8,255.4,0.0,2026-04-17T03:10:34.768
2026-04-16T20:10:35.760Z,USV-001,0.0,0.0,0,0,MANUAL,0.0,0.0,15.8,255.4,False,False,OK,0.0,-0.4,-1.8,255.4,0.0,2026-04-17T03:10:35.767
2026-04-16T20:10:36.760Z,USV-001,0.0,0.0,0,0,MANUAL,0.0,0.0,15.8,255.4,False,False,OK,0.0,-0.4,-1.8,255.4,0.0,2026-04-17T03:10:36.767
2026-04-16T20:10:37.761Z,USV-001,0.0,0.0,0,0,MANUAL,0.0,0.0,15.9,255.4,False,False,OK,0.0,-0.4,-1.8,255.4,0.0,2026-04-17T03:10:37.768
2026-04-16T20:10:38.760Z,USV-001,0.0,0.0,0,0,MANUAL,0.0,0.0,15.7,255.5,False,False,OK,0.0,-0.4,-1.8,255.5,0.0,2026-04-17T03:10:38.767
2026-04-16T20:10:39.760Z,USV-001,0.0,0.0,0,0,MANUAL,0.0,0.0,15.9,255.4,False,False,OK,0.0,-0.4,-1.8,255.4,0.0,2026-04-17T03:10:39.767
2026-04-16T20:10:40.761Z,USV-001,0.0,0.0,0,0,MANUAL,0.0,0.0,15.9,255.5,False,False,OK,0.0,-0.4,-1.8,255.5,0.0,2026-04-17T03:10:40.768
2026-04-16T20:10:41.761Z,USV-001,0.0,0.0,0,0,MANUAL,0.0,0.0,15.8,255.4,False,False,OK,0.0,-0.4,-1.8,255.4,0.0,2026-04-17T03:10:41.768
2026-04-16T20:10:42.760Z,USV-001,0.0,0.0,0,0,MANUAL,0.0,0.0,15.7,255.4,False,False,OK,0.0,-0.4,-1.8,255.4,0.0,2026-04-17T03:10:42.767
2026-04-16T20:10:43.760Z,USV-001,0.0,0.0,0,0,MANUAL,0.0,0.0,15.7,255.4,False,False,OK,0.0,-0.4,-1.8,255.4,0.0,2026-04-17T03:10:43.766
2026-04-16T20:10:44.760Z,USV-001,0.0,0.0,0,0,MANUAL,0.0,0.0,15.9,255.3,False,False,OK,0.0,-0.4,-1.8,255.3,0.0,2026-04-17T03:10:44.767
2026-04-16T20:10:45.760Z,USV-001,0.0,0.0,0,0,MANUAL,0.0,0.0,16.0,255.4,False,False,OK,0.0,-0.4,-1.8,255.4,0.0,2026-04-17T03:10:45.767
2026-04-16T20:10:46.760Z,USV-001,0.0,0.0,0,0,MANUAL,0.0,0.0,15.8,255.4,False,False,OK,0.0,-0.4,-1.8,255.4,0.0,2026-04-17T03:10:46.767
2026-04-16T20:10:47.760Z,USV-001,0.0,0.0,0,0,MANUAL,0.0,0.0,15.8,255.4,False,False,OK,0.0,-0.4,-1.8,255.4,0.0,2026-04-17T03:10:47.767
2026-04-16T20:10:48.760Z,USV-001,0.0,0.0,0,0,MANUAL,0.0,0.0,15.8,255.4,False,False,OK,0.0,-0.4,-1.8,255.4,0.0,2026-04-17T03:10:48.767
2026-04-16T20:10:49.760Z,USV-001,0.0,0.0,0,0,MANUAL,0.0,0.0,16.0,255.4,False,False,OK,0.0,-0.4,-1.8,255.4,0.0,2026-04-17T03:10:49.767
2026-04-16T20:10:50.760Z,USV-001,0.0,0.0,0,0,MANUAL,0.0,0.0,16.0,255.3,False,False,OK,0.0,-0.4,-1.8,255.3,0.0,2026-04-17T03:10:50.767
2026-04-16T20:10:51.760Z,USV-001,0.0,0.0,0,0,MANUAL,0.0,0.0,16.0,255.3,False,False,OK,0.0,-0.4,-1.8,255.3,0.0,2026-04-17T03:10:51.767
2026-04-16T20:10:52.761Z,USV-001,0.0,0.0,0,0,MANUAL,0.0,0.0,15.8,255.3,False,False,OK,0.0,-0.4,-1.8,255.3,0.0,2026-04-17T03:10:52.767
2026-04-16T20:10:53.760Z,USV-001,0.0,0.0,0,0,MANUAL,0.0,0.0,15.7,255.4,False,False,OK,0.0,-0.4,-1.8,255.4,0.0,2026-04-17T03:10:53.766
2026-04-16T20:10:54.760Z,USV-001,0.0,0.0,0,0,MANUAL,0.0,0.0,15.9,255.4,False,False,OK,0.0,-0.4,-1.8,255.4,0.0,2026-04-17T03:10:54.767
2026-04-16T20:10:55.760Z,USV-001,0.0,0.0,0,0,MANUAL,0.0,0.0,15.9,255.4,False,False,OK,0.0,-0.4,-1.8,255.4,0.0,2026-04-17T03:10:55.767
2026-04-16T20:10:56.760Z,USV-001,0.0,0.0,0,0,MANUAL,0.0,0.0,15.9,255.4,False,False,OK,0.0,-0.4,-1.8,255.4,0.0,2026-04-17T03:10:56.768
2026-04-16T20:10:57.760Z,USV-001,0.0,0.0,0,0,MANUAL,0.0,0.0,15.7,255.4,False,False,OK,0.0,-0.4,-1.8,255.4,0.0,2026-04-17T03:10:57.767
2026-04-16T20:10:58.760Z,USV-001,0.0,0.0,0,0,MANUAL,0.0,0.0,15.7,255.4,False,False,OK,0.0,-0.4,-1.8,255.4,0.0,2026-04-17T03:10:58.766
2026-04-16T20:10:59.760Z,USV-001,0.0,0.0,0,0,MANUAL,0.0,0.0,15.8,255.4,False,False,OK,0.0,-0.4,-1.8,255.4,0.0,2026-04-17T03:10:59.768
2026-04-16T20:11:00.760Z,USV-001,0.0,0.0,0,0,MANUAL,0.0,0.0,15.7,255.4,False,False,OK,0.0,-0.4,-1.8,255.4,0.0,2026-04-17T03:11:00.767
2026-04-16T20:11:01.761Z,USV-001,0.0,0.0,0,0,MANUAL,0.0,0.0,15.9,255.3,False,False,OK,0.0,-0.4,-1.8,255.3,0.0,2026-04-17T03:11:01.768
2026-04-16T20:11:02.760Z,USV-001,0.0,0.0,0,0,MANUAL,0.0,0.0,15.7,255.3,False,False,OK,0.0,-0.4,-1.8,255.3,0.0,2026-04-17T03:11:02.768
2026-04-16T20:11:03.760Z,USV-001,0.0,0.0,0,0,MANUAL,0.0,0.0,15.7,255.2,False,False,OK,0.0,-0.4,-1.8,255.2,0.0,2026-04-17T03:11:03.768
2026-04-16T20:11:04.760Z,USV-001,0.0,0.0,0,0,MANUAL,0.0,0.0,15.7,255.2,False,False,OK,0.0,-0.4,-1.8,255.2,0.0,2026-04-17T03:11:04.767
2026-04-16T20:11:05.760Z,USV-001,0.0,0.0,0,0,MANUAL,0.0,0.0,15.9,255.2,False,False,OK,0.0,-0.4,-1.8,255.2,0.0,2026-04-17T03:11:05.767
2026-04-16T20:11:06.760Z,USV-001,0.0,0.0,0,0,MANUAL,0.0,0.0,15.8,255.2,False,False,OK,0.0,-0.4,-1.8,255.2,0.0,2026-04-17T03:11:06.768
2026-04-16T20:11:07.760Z,USV-001,0.0,0.0,0,0,MANUAL,0.0,0.0,15.7,255.2,False,False,OK,0.0,-0.4,-1.8,255.2,0.0,2026-04-17T03:11:07.768
2026-04-16T20:11:08.760Z,USV-001,0.0,0.0,0,0,MANUAL,0.0,0.0,15.9,255.2,False,False,OK,0.0,-0.4,-1.8,255.2,0.0,2026-04-17T03:11:08.767
2026-04-16T20:11:09.760Z,USV-001,0.0,0.0,0,0,MANUAL,0.0,0.0,15.8,255.2,False,False,OK,0.0,-0.4,-1.8,255.2,0.0,2026-04-17T03:11:09.767
2026-04-16T20:11:10.760Z,USV-001,0.0,0.0,0,0,MANUAL,0.0,0.0,15.9,255.2,False,False,OK,0.0,-0.4,-1.8,255.2,0.0,2026-04-17T03:11:10.767
2026-04-16T20:11:11.760Z,USV-001,0.0,0.0,0,0,MANUAL,0.0,0.0,15.7,255.2,False,False,OK,0.0,-0.4,-1.8,255.2,0.0,2026-04-17T03:11:11.768
2026-04-16T20:11:12.760Z,USV-001,0.0,0.0,0,0,MANUAL,0.0,0.0,15.7,255.2,False,False,OK,0.0,-0.4,-1.8,255.2,0.0,2026-04-17T03:11:12.768
2026-04-16T20:11:13.760Z,USV-001,0.0,0.0,0,0,MANUAL,0.0,0.0,15.6,255.2,False,False,OK,0.0,-0.4,-1.8,255.2,0.0,2026-04-17T03:11:13.767
2026-04-16T20:11:14.760Z,USV-001,0.0,0.0,0,0,MANUAL,0.0,0.0,15.8,255.3,False,False,OK,0.0,-0.4,-1.8,255.3,0.0,2026-04-17T03:11:14.768
2026-04-16T20:11:15.760Z,USV-001,0.0,0.0,0,0,MANUAL,0.0,0.0,15.7,255.4,False,False,OK,0.0,-0.4,-1.8,255.4,0.0,2026-04-17T03:11:15.767
2026-04-16T20:11:16.760Z,USV-001,0.0,0.0,0,0,MANUAL,0.0,0.0,15.6,255.4,False,False,OK,0.0,-0.4,-1.8,255.4,0.0,2026-04-17T03:11:16.768
2026-04-16T20:11:17.760Z,USV-001,0.0,0.0,0,0,MANUAL,0.0,0.0,15.6,255.4,False,False,OK,0.0,-0.4,-1.8,255.4,0.0,2026-04-17T03:11:17.767
2026-04-16T20:11:18.760Z,USV-001,0.0,0.0,0,0,MANUAL,0.0,0.0,15.9,255.4,False,False,OK,0.0,-0.4,-1.8,255.4,0.0,2026-04-17T03:11:18.767
2026-04-16T20:11:19.761Z,USV-001,0.0,0.0,0,0,MANUAL,0.0,0.0,15.7,255.4,False,False,OK,0.0,-0.4,-1.8,255.4,0.0,2026-04-17T03:11:19.768
2026-04-16T20:11:20.760Z,USV-001,0.0,0.0,0,0,MANUAL,0.0,0.0,15.8,255.4,False,False,OK,0.0,-0.4,-1.8,255.4,0.0,2026-04-17T03:11:20.768
2026-04-16T20:11:21.760Z,USV-001,0.0,0.0,0,0,MANUAL,0.0,0.0,15.8,255.5,False,False,OK,0.0,-0.4,-1.8,255.5,0.0,2026-04-17T03:11:21.768
2026-04-16T20:11:22.760Z,USV-001,0.0,0.0,0,0,MANUAL,0.0,0.0,15.8,255.5,False,False,OK,0.0,-0.4,-1.8,255.5,0.0,2026-04-17T03:11:22.768
2026-04-16T20:11:23.760Z,USV-001,0.0,0.0,0,0,MANUAL,0.0,0.0,15.7,255.5,False,False,OK,0.0,-0.4,-1.8,255.5,0.0,2026-04-17T03:11:23.767
2026-04-16T20:11:24.761Z,USV-001,0.0,0.0,0,0,MANUAL,0.0,0.0,15.5,255.5,False,False,OK,0.0,-0.4,-1.8,255.5,0.0,2026-04-17T03:11:24.769
2026-04-16T20:11:25.760Z,USV-001,0.0,0.0,0,0,MANUAL,0.0,0.0,15.7,255.5,False,False,OK,0.0,-0.4,-1.8,255.5,0.0,2026-04-17T03:11:25.767
2026-04-16T20:11:26.760Z,USV-001,0.0,0.0,0,0,MANUAL,0.0,0.0,15.6,255.5,False,False,OK,0.0,-0.4,-1.8,255.5,0.0,2026-04-17T03:11:26.767
2026-04-16T20:11:27.760Z,USV-001,0.0,0.0,0,0,MANUAL,0.0,0.0,15.8,255.5,False,False,OK,0.0,-0.4,-1.8,255.5,0.0,2026-04-17T03:11:27.767
2026-04-16T20:11:28.760Z,USV-001,0.0,0.0,0,0,MANUAL,0.0,0.0,15.9,255.5,False,False,OK,0.0,-0.4,-1.8,255.5,0.0,2026-04-17T03:11:28.766
2026-04-16T20:11:29.760Z,USV-001,0.0,0.0,0,0,MANUAL,0.0,0.0,15.6,255.6,False,False,OK,0.0,-0.4,-1.8,255.6,0.0,2026-04-17T03:11:29.767
2026-04-16T20:11:30.760Z,USV-001,0.0,0.0,0,0,MANUAL,0.0,0.0,15.8,255.6,False,False,OK,0.0,-0.4,-1.8,255.6,0.0,2026-04-17T03:11:30.767
2026-04-16T20:11:31.761Z,USV-001,0.0,0.0,0,0,MANUAL,0.0,0.0,15.7,255.6,False,False,OK,0.0,-0.4,-1.8,255.6,0.0,2026-04-17T03:11:31.768
2026-04-16T20:11:32.760Z,USV-001,0.0,0.0,0,0,MANUAL,0.0,0.0,15.9,255.7,False,False,OK,0.0,-0.4,-1.8,255.7,0.0,2026-04-17T03:11:32.766
2026-04-16T20:11:33.760Z,USV-001,0.0,0.0,0,0,MANUAL,0.0,0.0,15.7,255.7,False,False,OK,0.0,-0.4,-1.8,255.7,0.0,2026-04-17T03:11:33.767
2026-04-16T20:11:34.760Z,USV-001,0.0,0.0,0,0,MANUAL,0.0,0.0,15.7,255.7,False,False,OK,0.0,-0.4,-1.8,255.7,0.0,2026-04-17T03:11:34.768
2026-04-16T20:11:35.760Z,USV-001,0.0,0.0,0,0,MANUAL,0.0,0.0,15.6,255.7,False,False,OK,0.0,-0.4,-1.8,255.7,0.0,2026-04-17T03:11:35.768
2026-04-16T20:11:36.760Z,USV-001,0.0,0.0,0,0,MANUAL,0.0,0.0,15.7,255.6,False,False,OK,0.0,-0.4,-1.8,255.6,0.0,2026-04-17T03:11:36.768
2026-04-16T20:11:37.760Z,USV-001,0.0,0.0,0,0,MANUAL,0.0,0.0,15.5,255.6,False,False,OK,0.0,-0.4,-1.8,255.6,0.0,2026-04-17T03:11:37.766
2026-04-16T20:11:38.760Z,USV-001,0.0,0.0,0,0,MANUAL,0.0,0.0,15.4,255.6,False,False,OK,0.0,-0.4,-1.8,255.6,0.0,2026-04-17T03:11:38.768
2026-04-16T20:11:39.760Z,USV-001,0.0,0.0,0,0,MANUAL,0.0,0.0,15.7,255.7,False,False,OK,0.0,-0.4,-1.8,255.7,0.0,2026-04-17T03:11:39.767
2026-04-16T20:11:40.761Z,USV-001,0.0,0.0,0,0,MANUAL,0.0,0.0,15.5,255.7,False,False,OK,0.0,-0.4,-1.8,255.7,0.0,2026-04-17T03:11:40.767
2026-04-16T20:11:41.761Z,USV-001,0.0,0.0,0,0,MANUAL,0.0,0.0,15.6,255.8,False,False,OK,0.0,-0.4,-1.8,255.8,0.0,2026-04-17T03:11:41.767
2026-04-16T20:11:42.760Z,USV-001,0.0,0.0,0,0,MANUAL,0.0,0.0,15.6,255.8,False,False,OK,0.0,-0.4,-1.8,255.8,0.0,2026-04-17T03:11:42.767
2026-04-16T20:11:43.760Z,USV-001,0.0,0.0,0,0,MANUAL,0.0,0.0,15.6,255.8,False,False,OK,0.0,-0.4,-1.8,255.8,0.0,2026-04-17T03:11:43.767
2026-04-16T20:11:44.760Z,USV-001,0.0,0.0,0,0,MANUAL,0.0,0.0,15.6,255.8,False,False,OK,0.0,-0.4,-1.8,255.8,0.0,2026-04-17T03:11:44.768
2026-04-16T20:11:45.760Z,USV-001,0.0,0.0,0,0,MANUAL,0.0,0.0,15.8,255.8,False,False,OK,0.0,-0.4,-1.8,255.8,0.0,2026-04-17T03:11:45.768
2026-04-16T20:11:46.760Z,USV-001,0.0,0.0,0,0,MANUAL,0.0,0.0,15.8,255.7,False,False,OK,0.0,-0.4,-1.8,255.7,0.0,2026-04-17T03:11:46.767
2026-04-16T20:11:47.760Z,USV-001,0.0,0.0,0,0,MANUAL,0.0,0.0,15.5,255.8,False,False,OK,0.0,-0.4,-1.8,255.8,0.0,2026-04-17T03:11:47.767
2026-04-16T20:11:48.761Z,USV-001,0.0,0.0,0,0,MANUAL,0.0,0.0,15.6,255.8,False,False,OK,0.0,-0.4,-1.8,255.8,0.0,2026-04-17T03:11:48.768
2026-04-16T20:11:49.760Z,USV-001,0.0,0.0,0,0,MANUAL,0.0,0.0,15.7,255.7,False,False,OK,0.0,-0.4,-1.8,255.7,0.0,2026-04-17T03:11:49.767
2026-04-16T20:11:50.761Z,USV-001,0.0,0.0,0,0,MANUAL,0.0,0.0,15.7,255.7,False,False,OK,0.0,-0.4,-1.8,255.7,0.0,2026-04-17T03:11:50.768
2026-04-16T20:11:51.761Z,USV-001,0.0,0.0,0,0,MANUAL,0.0,0.0,15.8,255.7,False,False,OK,0.0,-0.4,-1.8,255.7,0.0,2026-04-17T03:11:51.768
2026-04-16T20:11:52.760Z,USV-001,0.0,0.0,0,0,MANUAL,0.0,0.0,15.5,255.7,False,False,OK,0.0,-0.4,-1.8,255.7,0.0,2026-04-17T03:11:52.767
2026-04-16T20:11:53.760Z,USV-001,0.0,0.0,0,0,MANUAL,0.0,0.0,15.6,255.7,False,False,OK,0.0,-0.4,-1.8,255.7,0.0,2026-04-17T03:11:53.767
2026-04-16T20:11:54.760Z,USV-001,0.0,0.0,0,0,MANUAL,0.0,0.0,15.5,255.8,False,False,OK,0.0,-0.4,-1.8,255.8,0.0,2026-04-17T03:11:54.767
2026-04-16T20:11:55.760Z,USV-001,0.0,0.0,0,0,MANUAL,0.0,0.0,15.6,255.8,False,False,OK,0.0,-0.4,-1.8,255.8,0.0,2026-04-17T03:11:55.767
2026-04-16T20:11:56.760Z,USV-001,0.0,0.0,0,0,MANUAL,0.0,0.0,15.8,255.7,False,False,OK,0.0,-0.4,-1.8,255.7,0.0,2026-04-17T03:11:56.767
2026-04-16T20:11:57.760Z,USV-001,0.0,0.0,0,0,MANUAL,0.0,0.0,15.6,255.8,False,False,OK,0.0,-0.4,-1.8,255.8,0.0,2026-04-17T03:11:57.767
2026-04-16T20:11:58.760Z,USV-001,0.0,0.0,0,0,MANUAL,0.0,0.0,15.5,255.8,False,False,OK,0.0,-0.4,-1.8,255.8,0.0,2026-04-17T03:11:58.767
2026-04-16T20:11:59.760Z,USV-001,0.0,0.0,0,0,MANUAL,0.0,0.0,15.6,255.8,False,False,OK,0.0,-0.4,-1.8,255.8,0.0,2026-04-17T03:11:59.767
2026-04-16T20:12:00.760Z,USV-001,0.0,0.0,0,0,MANUAL,0.0,0.0,15.6,255.7,False,False,OK,0.0,-0.4,-1.8,255.7,0.0,2026-04-17T03:12:00.767
2026-04-16T20:12:01.760Z,USV-001,0.0,0.0,0,0,MANUAL,0.0,0.0,15.5,255.7,False,False,OK,0.0,-0.4,-1.8,255.7,0.0,2026-04-17T03:12:01.767
2026-04-16T20:12:02.760Z,USV-001,0.0,0.0,0,0,MANUAL,0.0,0.0,15.6,255.7,False,False,OK,0.0,-0.4,-1.8,255.7,0.0,2026-04-17T03:12:02.768
2026-04-16T20:12:03.760Z,USV-001,0.0,0.0,0,0,MANUAL,0.0,0.0,15.5,255.7,False,False,OK,0.0,-0.4,-1.8,255.7,0.0,2026-04-17T03:12:03.767
2026-04-16T20:12:04.760Z,USV-001,0.0,0.0,0,0,MANUAL,0.0,0.0,15.4,255.6,False,False,OK,0.0,-0.4,-1.8,255.6,0.0,2026-04-17T03:12:04.767
2026-04-16T20:12:05.760Z,USV-001,0.0,0.0,0,0,MANUAL,0.0,0.0,15.6,255.5,False,False,OK,0.0,-0.4,-1.8,255.5,0.0,2026-04-17T03:12:05.767
2026-04-16T20:12:06.760Z,USV-001,0.0,0.0,0,0,MANUAL,0.0,0.0,15.7,255.5,False,False,OK,0.0,-0.4,-1.8,255.5,0.0,2026-04-17T03:12:06.768
2026-04-16T20:12:07.760Z,USV-001,0.0,0.0,0,0,MANUAL,0.0,0.0,15.7,255.5,False,False,OK,0.0,-0.4,-1.8,255.5,0.0,2026-04-17T03:12:07.767
2026-04-16T20:12:08.760Z,USV-001,0.0,0.0,0,0,MANUAL,0.0,0.0,15.6,255.4,False,False,OK,0.0,-0.4,-1.8,255.4,0.0,2026-04-17T03:12:08.766
2026-04-16T20:12:09.760Z,USV-001,0.0,0.0,0,0,MANUAL,0.0,0.0,15.6,255.5,False,False,OK,0.0,-0.4,-1.8,255.5,0.0,2026-04-17T03:12:09.768
2026-04-16T20:12:10.760Z,USV-001,0.0,0.0,0,0,MANUAL,0.0,0.0,15.4,255.4,False,False,OK,0.0,-0.4,-1.8,255.4,0.0,2026-04-17T03:12:10.768
2026-04-16T20:12:11.760Z,USV-001,0.0,0.0,0,0,MANUAL,0.0,0.0,15.4,255.4,False,False,OK,0.0,-0.4,-1.8,255.4,0.0,2026-04-17T03:12:11.768
2026-04-16T20:12:12.760Z,USV-001,0.0,0.0,0,0,MANUAL,0.0,0.0,15.4,255.5,False,False,OK,0.0,-0.4,-1.8,255.5,0.0,2026-04-17T03:12:12.768
2026-04-16T20:12:13.760Z,USV-001,0.0,0.0,0,0,MANUAL,0.0,0.0,15.6,255.5,False,False,OK,0.0,-0.4,-1.8,255.5,0.0,2026-04-17T03:12:13.767
2026-04-16T20:12:14.760Z,USV-001,0.0,0.0,0,0,MANUAL,0.0,0.0,15.5,255.5,False,False,OK,0.0,-0.4,-1.8,255.5,0.0,2026-04-17T03:12:14.767
2026-04-16T20:12:15.760Z,USV-001,0.0,0.0,0,0,MANUAL,0.0,0.0,15.6,255.6,False,False,OK,0.0,-0.4,-1.8,255.6,0.0,2026-04-17T03:12:15.767
2026-04-16T20:12:16.760Z,USV-001,0.0,0.0,0,0,MANUAL,0.0,0.0,15.5,255.6,False,False,OK,0.0,-0.4,-1.8,255.6,0.0,2026-04-17T03:12:16.767
2026-04-16T20:12:17.760Z,USV-001,0.0,0.0,0,0,MANUAL,0.0,0.0,15.5,255.6,False,False,OK,0.0,-0.4,-1.8,255.6,0.0,2026-04-17T03:12:17.767
2026-04-16T20:12:18.760Z,USV-001,0.0,0.0,0,0,MANUAL,0.0,0.0,15.6,255.7,False,False,OK,0.0,-0.4,-1.8,255.7,0.0,2026-04-17T03:12:18.767
2026-04-16T20:12:19.760Z,USV-001,0.0,0.0,0,0,MANUAL,0.0,0.0,15.6,255.7,False,False,OK,0.0,-0.4,-1.8,255.7,0.0,2026-04-17T03:12:19.769
2026-04-16T20:12:20.760Z,USV-001,0.0,0.0,0,0,MANUAL,0.0,0.0,15.4,255.8,False,False,OK,0.0,-0.4,-1.8,255.8,0.0,2026-04-17T03:12:20.767
2026-04-16T20:12:21.760Z,USV-001,0.0,0.0,0,0,MANUAL,0.0,0.0,15.6,255.8,False,False,OK,0.0,-0.4,-1.8,255.8,0.0,2026-04-17T03:12:21.767
2026-04-16T20:12:22.761Z,USV-001,0.0,0.0,0,0,MANUAL,0.0,0.0,15.4,255.7,False,False,OK,0.0,-0.4,-1.8,255.7,0.0,2026-04-17T03:12:22.768
2026-04-16T20:12:23.762Z,USV-001,0.0,0.0,0,0,MANUAL,0.0,0.0,15.4,255.7,False,False,OK,0.0,-0.4,-1.8,255.7,0.0,2026-04-17T03:12:23.769
2026-04-16T20:12:24.760Z,USV-001,0.0,0.0,0,0,MANUAL,0.0,0.0,15.7,255.7,False,False,OK,0.0,-0.4,-1.8,255.7,0.0,2026-04-17T03:12:24.767
2026-04-16T20:12:25.760Z,USV-001,0.0,0.0,0,0,MANUAL,0.0,0.0,15.4,255.6,False,False,OK,0.0,-0.4,-1.8,255.6,0.0,2026-04-17T03:12:25.767
2026-04-16T20:12:26.760Z,USV-001,0.0,0.0,0,0,MANUAL,0.0,0.0,15.7,255.6,False,False,OK,0.0,-0.4,-1.8,255.6,0.0,2026-04-17T03:12:26.768
2026-04-16T20:12:27.760Z,USV-001,0.0,0.0,0,0,MANUAL,0.0,0.0,15.4,255.5,False,False,OK,0.0,-0.4,-1.8,255.5,0.0,2026-04-17T03:12:27.767
2026-04-16T20:12:28.760Z,USV-001,0.0,0.0,0,0,MANUAL,0.0,0.0,15.7,255.6,False,False,OK,0.0,-0.4,-1.8,255.6,0.0,2026-04-17T03:12:28.767
2026-04-16T20:12:29.760Z,USV-001,0.0,0.0,0,0,MANUAL,0.0,0.0,15.4,255.6,False,False,OK,0.0,-0.4,-1.8,255.6,0.0,2026-04-17T03:12:29.767
2026-04-16T20:12:30.760Z,USV-001,0.0,0.0,0,0,MANUAL,0.0,0.0,15.4,255.6,False,False,OK,0.0,-0.4,-1.8,255.6,0.0,2026-04-17T03:12:30.767
2026-04-16T20:12:31.760Z,USV-001,0.0,0.0,0,0,MANUAL,0.0,0.0,15.5,255.5,False,False,OK,0.0,-0.4,-1.8,255.5,0.0,2026-04-17T03:12:31.768
2026-04-16T20:12:32.760Z,USV-001,0.0,0.0,0,0,MANUAL,0.0,0.0,15.4,255.6,False,False,OK,0.0,-0.4,-1.8,255.6,0.0,2026-04-17T03:12:32.768
2026-04-16T20:12:33.760Z,USV-001,0.0,0.0,0,0,MANUAL,0.0,0.0,15.5,255.6,False,False,OK,0.0,-0.4,-1.8,255.6,0.0,2026-04-17T03:12:33.767
2026-04-16T20:12:34.761Z,USV-001,0.0,0.0,0,0,MANUAL,0.0,0.0,15.3,255.7,False,False,OK,0.0,-0.4,-1.8,255.7,0.0,2026-04-17T03:12:34.768
2026-04-16T20:12:35.760Z,USV-001,0.0,0.0,0,0,MANUAL,0.0,0.0,15.3,255.8,False,False,OK,0.0,-0.4,-1.8,255.8,0.0,2026-04-17T03:12:35.768
2026-04-16T20:12:36.761Z,USV-001,0.0,0.0,0,0,MANUAL,0.0,0.0,15.4,255.8,False,False,OK,0.0,-0.4,-1.8,255.8,0.0,2026-04-17T03:12:36.767
2026-04-16T20:12:37.760Z,USV-001,0.0,0.0,0,0,MANUAL,0.0,0.0,15.4,255.9,False,False,OK,0.0,-0.4,-1.8,255.9,0.0,2026-04-17T03:12:37.769
2026-04-16T20:12:38.760Z,USV-001,0.0,0.0,0,0,MANUAL,0.0,0.0,15.4,255.9,False,False,OK,0.0,-0.4,-1.8,255.9,0.0,2026-04-17T03:12:38.767
2026-04-16T20:12:39.760Z,USV-001,0.0,0.0,0,0,MANUAL,0.0,0.0,15.5,255.9,False,False,OK,0.0,-0.4,-1.8,255.9,0.0,2026-04-17T03:12:39.768
2026-04-16T20:12:40.760Z,USV-001,0.0,0.0,0,0,MANUAL,0.0,0.0,15.5,255.9,False,False,OK,0.0,-0.4,-1.8,255.9,0.0,2026-04-17T03:12:40.767
2026-04-16T20:12:41.760Z,USV-001,0.0,0.0,0,0,MANUAL,0.0,0.0,15.4,255.8,False,False,OK,0.0,-0.4,-1.8,255.8,0.0,2026-04-17T03:12:41.768
2026-04-16T20:12:42.760Z,USV-001,0.0,0.0,0,0,MANUAL,0.0,0.0,15.4,255.8,False,False,OK,0.0,-0.4,-1.8,255.8,0.0,2026-04-17T03:12:42.768
2026-04-16T20:12:43.760Z,USV-001,0.0,0.0,0,0,MANUAL,0.0,0.0,15.5,255.8,False,False,OK,0.0,-0.4,-1.8,255.8,0.0,2026-04-17T03:12:43.767
2026-04-16T20:12:44.760Z,USV-001,0.0,0.0,0,0,MANUAL,0.0,0.0,15.4,255.7,False,False,OK,0.0,-0.4,-1.8,255.7,0.0,2026-04-17T03:12:44.767
2026-04-16T20:12:45.760Z,USV-001,0.0,0.0,0,0,MANUAL,0.0,0.0,15.5,255.7,False,False,OK,0.0,-0.4,-1.8,255.7,0.0,2026-04-17T03:12:45.767
2026-04-16T20:12:46.760Z,USV-001,0.0,0.0,0,0,MANUAL,0.0,0.0,15.4,255.7,False,False,OK,0.0,-0.4,-1.8,255.7,0.0,2026-04-17T03:12:46.767
2026-04-16T20:12:47.761Z,USV-001,0.0,0.0,0,0,MANUAL,0.0,0.0,15.2,255.7,False,False,OK,0.0,-0.4,-1.8,255.7,0.0,2026-04-17T03:12:47.767
2026-04-16T20:12:48.760Z,USV-001,0.0,0.0,0,0,MANUAL,0.0,0.0,15.3,255.7,False,False,OK,0.0,-0.4,-1.8,255.7,0.0,2026-04-17T03:12:48.767
2026-04-16T20:12:49.760Z,USV-001,0.0,0.0,0,0,MANUAL,0.0,0.0,15.4,255.6,False,False,OK,0.0,-0.4,-1.8,255.6,0.0,2026-04-17T03:12:49.767
2026-04-16T20:12:50.760Z,USV-001,0.0,0.0,0,0,MANUAL,0.0,0.0,15.4,255.6,False,False,OK,0.0,-0.4,-1.8,255.6,0.0,2026-04-17T03:12:50.767
2026-04-16T20:12:51.760Z,USV-001,0.0,0.0,0,0,MANUAL,0.0,0.0,15.5,255.6,False,False,OK,0.0,-0.4,-1.8,255.6,0.0,2026-04-17T03:12:51.767
2026-04-16T20:12:52.760Z,USV-001,0.0,0.0,0,0,MANUAL,0.0,0.0,15.6,255.6,False,False,OK,0.0,-0.4,-1.8,255.6,0.0,2026-04-17T03:12:52.767
2026-04-16T20:12:53.760Z,USV-001,0.0,0.0,0,0,MANUAL,0.0,0.0,15.5,255.7,False,False,OK,0.0,-0.4,-1.8,255.7,0.0,2026-04-17T03:12:53.767
2026-04-16T20:12:54.760Z,USV-001,0.0,0.0,0,0,MANUAL,0.0,0.0,15.4,255.7,False,False,OK,0.0,-0.4,-1.8,255.7,0.0,2026-04-17T03:12:54.767
2026-04-16T20:12:55.760Z,USV-001,0.0,0.0,0,0,MANUAL,0.0,0.0,15.3,255.6,False,False,OK,0.0,-0.4,-1.8,255.6,0.0,2026-04-17T03:12:55.767
2026-04-16T20:12:56.760Z,USV-001,0.0,0.0,0,0,MANUAL,0.0,0.0,15.5,255.6,False,False,OK,0.0,-0.4,-1.8,255.6,0.0,2026-04-17T03:12:56.767
2026-04-16T20:12:57.760Z,USV-001,0.0,0.0,0,0,MANUAL,0.0,0.0,15.4,255.6,False,False,OK,0.0,-0.4,-1.8,255.6,0.0,2026-04-17T03:12:57.767
2026-04-16T20:12:58.760Z,USV-001,0.0,0.0,0,0,MANUAL,0.0,0.0,15.4,255.7,False,False,OK,0.0,-0.4,-1.8,255.7,0.0,2026-04-17T03:12:58.767
2026-04-16T20:12:59.760Z,USV-001,0.0,0.0,0,0,MANUAL,0.0,0.0,15.4,255.7,False,False,OK,0.0,-0.4,-1.8,255.7,0.0,2026-04-17T03:12:59.768
2026-04-16T20:13:00.760Z,USV-001,0.0,0.0,0,0,MANUAL,0.0,0.0,15.3,255.6,False,False,OK,0.0,-0.4,-1.8,255.6,0.0,2026-04-17T03:13:00.768
2026-04-16T20:13:01.761Z,USV-001,0.0,0.0,0,0,MANUAL,0.0,0.0,15.5,255.6,False,False,OK,0.0,-0.4,-1.8,255.6,0.0,2026-04-17T03:13:01.767
2026-04-16T20:13:02.760Z,USV-001,0.0,0.0,0,0,MANUAL,0.0,0.0,15.2,255.6,False,False,OK,0.0,-0.4,-1.8,255.6,0.0,2026-04-17T03:13:02.767
2026-04-16T20:13:03.760Z,USV-001,0.0,0.0,0,0,MANUAL,0.0,0.0,15.5,255.6,False,False,OK,0.0,-0.4,-1.8,255.6,0.0,2026-04-17T03:13:03.767
2026-04-16T20:13:04.760Z,USV-001,0.0,0.0,0,0,MANUAL,0.0,0.0,15.3,255.6,False,False,OK,0.0,-0.4,-1.8,255.6,0.0,2026-04-17T03:13:04.767
2026-04-16T20:13:05.760Z,USV-001,0.0,0.0,0,0,MANUAL,0.0,0.0,15.3,255.5,False,False,OK,0.0,-0.4,-1.8,255.5,0.0,2026-04-17T03:13:05.767
2026-04-16T20:13:06.761Z,USV-001,0.0,0.0,0,0,MANUAL,0.0,0.0,15.0,255.5,False,False,OK,0.0,-0.4,-1.8,255.5,0.0,2026-04-17T03:13:06.768
2026-04-16T20:13:07.760Z,USV-001,0.0,0.0,0,0,MANUAL,0.0,0.0,15.1,255.5,False,False,OK,0.0,-0.4,-1.8,255.5,0.0,2026-04-17T03:13:07.767
2026-04-16T20:13:08.760Z,USV-001,0.0,0.0,0,0,MANUAL,0.0,0.0,15.3,255.5,False,False,OK,0.0,-0.4,-1.8,255.5,0.0,2026-04-17T03:13:08.767
2026-04-16T20:13:09.760Z,USV-001,0.0,0.0,0,0,MANUAL,0.0,0.0,15.4,255.4,False,False,OK,0.0,-0.4,-1.8,255.4,0.0,2026-04-17T03:13:09.767
2026-04-16T20:13:10.760Z,USV-001,0.0,0.0,0,0,MANUAL,0.0,0.0,15.2,255.5,False,False,OK,0.0,-0.4,-1.8,255.5,0.0,2026-04-17T03:13:10.768
2026-04-16T20:13:11.760Z,USV-001,0.0,0.0,0,0,MANUAL,0.0,0.0,15.3,255.4,False,False,OK,0.0,-0.4,-1.8,255.4,0.0,2026-04-17T03:13:11.767
2026-04-16T20:13:12.760Z,USV-001,0.0,0.0,0,0,MANUAL,0.0,0.0,15.2,255.4,False,False,OK,0.0,-0.4,-1.8,255.4,0.0,2026-04-17T03:13:12.767
2026-04-16T20:13:13.760Z,USV-001,0.0,0.0,0,0,MANUAL,0.0,0.0,15.2,255.5,False,False,OK,0.0,-0.4,-1.8,255.5,0.0,2026-04-17T03:13:13.767
2026-04-16T20:13:14.760Z,USV-001,0.0,0.0,0,0,MANUAL,0.0,0.0,15.4,255.4,False,False,OK,0.0,-0.4,-1.8,255.4,0.0,2026-04-17T03:13:14.767
2026-04-16T20:13:15.760Z,USV-001,0.0,0.0,0,0,MANUAL,0.0,0.0,15.1,255.4,False,False,OK,0.0,-0.4,-1.8,255.4,0.0,2026-04-17T03:13:15.768
2026-04-16T20:13:16.760Z,USV-001,0.0,0.0,0,0,MANUAL,0.0,0.0,15.2,255.4,False,False,OK,0.0,-0.4,-1.8,255.4,0.0,2026-04-17T03:13:16.768
2026-04-16T20:13:17.760Z,USV-001,0.0,0.0,0,0,MANUAL,0.0,0.0,15.2,255.4,False,False,OK,0.0,-0.4,-1.8,255.4,0.0,2026-04-17T03:13:17.767
2026-04-16T20:13:18.760Z,USV-001,0.0,0.0,0,0,MANUAL,0.0,0.0,15.4,255.5,False,False,OK,0.0,-0.4,-1.8,255.5,0.0,2026-04-17T03:13:18.767
2026-04-16T20:13:19.760Z,USV-001,0.0,0.0,0,0,MANUAL,0.0,0.0,15.3,255.5,False,False,OK,0.0,-0.4,-1.8,255.5,0.0,2026-04-17T03:13:19.767
2026-04-16T20:13:20.760Z,USV-001,0.0,0.0,0,0,MANUAL,0.0,0.0,15.0,255.5,False,False,OK,0.0,-0.4,-1.8,255.5,0.0,2026-04-17T03:13:20.768
2026-04-16T20:13:21.760Z,USV-001,0.0,0.0,0,0,MANUAL,0.0,0.0,15.2,255.5,False,False,OK,0.0,-0.4,-1.8,255.5,0.0,2026-04-17T03:13:21.768
2026-04-16T20:13:22.760Z,USV-001,0.0,0.0,0,0,MANUAL,0.0,0.0,15.3,255.6,False,False,OK,0.0,-0.4,-1.8,255.6,0.0,2026-04-17T03:13:22.767
2026-04-16T20:13:23.760Z,USV-001,0.0,0.0,0,0,MANUAL,0.0,0.0,15.3,255.6,False,False,OK,0.0,-0.4,-1.8,255.6,0.0,2026-04-17T03:13:23.767
2026-04-16T20:13:24.761Z,USV-001,0.0,0.0,0,0,MANUAL,0.0,0.0,15.2,255.6,False,False,OK,0.0,-0.4,-1.8,255.6,0.0,2026-04-17T03:13:24.768
2026-04-16T20:13:25.760Z,USV-001,0.0,0.0,0,0,MANUAL,0.0,0.0,15.3,255.5,False,False,OK,0.0,-0.4,-1.8,255.5,0.0,2026-04-17T03:13:25.767
2026-04-16T20:13:26.760Z,USV-001,0.0,0.0,0,0,MANUAL,0.0,0.0,15.3,255.5,False,False,OK,0.0,-0.4,-1.8,255.5,0.0,2026-04-17T03:13:26.768
2026-04-16T20:13:27.760Z,USV-001,0.0,0.0,0,0,MANUAL,0.0,0.0,15.3,255.5,False,False,OK,0.0,-0.4,-1.8,255.5,0.0,2026-04-17T03:13:27.767
2026-04-16T20:13:28.760Z,USV-001,0.0,0.0,0,0,MANUAL,0.0,0.0,15.3,255.5,False,False,OK,0.0,-0.4,-1.8,255.5,0.0,2026-04-17T03:13:28.767
2026-04-16T20:13:29.760Z,USV-001,0.0,0.0,0,0,MANUAL,0.0,0.0,15.3,255.4,False,False,OK,0.0,-0.4,-1.8,255.4,0.0,2026-04-17T03:13:29.766
2026-04-16T20:13:30.760Z,USV-001,0.0,0.0,0,0,MANUAL,0.0,0.0,15.1,255.5,False,False,OK,0.0,-0.4,-1.8,255.5,0.0,2026-04-17T03:13:30.767
2026-04-16T20:13:31.760Z,USV-001,0.0,0.0,0,0,MANUAL,0.0,0.0,15.3,255.6,False,False,OK,0.0,-0.4,-1.8,255.6,0.0,2026-04-17T03:13:31.767
2026-04-16T20:13:32.760Z,USV-001,0.0,0.0,0,0,MANUAL,0.0,0.0,15.1,255.6,False,False,OK,0.0,-0.4,-1.8,255.6,0.0,2026-04-17T03:13:32.768
2026-04-16T20:13:33.760Z,USV-001,0.0,0.0,0,0,MANUAL,0.0,0.0,15.0,255.6,False,False,OK,0.0,-0.4,-1.8,255.6,0.0,2026-04-17T03:13:33.767
2026-04-16T20:13:34.760Z,USV-001,0.0,0.0,0,0,MANUAL,0.0,0.0,15.2,255.5,False,False,OK,0.0,-0.4,-1.8,255.5,0.0,2026-04-17T03:13:34.767
2026-04-16T20:13:35.760Z,USV-001,0.0,0.0,0,0,MANUAL,0.0,0.0,15.2,255.5,False,False,OK,0.0,-0.4,-1.8,255.5,0.0,2026-04-17T03:13:35.767
2026-04-16T20:13:36.760Z,USV-001,0.0,0.0,0,0,MANUAL,0.0,0.0,15.2,255.5,False,False,OK,0.0,-0.4,-1.8,255.5,0.0,2026-04-17T03:13:36.763
2026-04-16T20:13:37.760Z,USV-001,0.0,0.0,0,0,MANUAL,0.0,0.0,15.3,255.5,False,False,OK,0.0,-0.4,-1.8,255.5,0.0,2026-04-17T03:13:37.767
2026-04-16T20:13:38.760Z,USV-001,0.0,0.0,0,0,MANUAL,0.0,0.0,15.2,255.6,False,False,OK,0.0,-0.4,-1.8,255.6,0.0,2026-04-17T03:13:38.768
2026-04-16T20:13:39.760Z,USV-001,0.0,0.0,0,0,MANUAL,0.0,0.0,15.3,255.5,False,False,OK,0.0,-0.4,-1.8,255.5,0.0,2026-04-17T03:13:39.768
2026-04-16T20:13:40.760Z,USV-001,0.0,0.0,0,0,MANUAL,0.0,0.0,15.2,255.5,False,False,OK,0.0,-0.4,-1.8,255.5,0.0,2026-04-17T03:13:40.768
2026-04-16T20:13:41.760Z,USV-001,0.0,0.0,0,0,MANUAL,0.0,0.0,15.0,255.5,False,False,OK,0.0,-0.4,-1.8,255.5,0.0,2026-04-17T03:13:41.767
2026-04-16T20:13:42.760Z,USV-001,0.0,0.0,0,0,MANUAL,0.0,0.0,15.3,255.5,False,False,OK,0.0,-0.4,-1.8,255.5,0.0,2026-04-17T03:13:42.768
2026-04-16T20:13:43.760Z,USV-001,0.0,0.0,0,0,MANUAL,0.0,0.0,15.1,255.5,False,False,OK,0.0,-0.4,-1.8,255.5,0.0,2026-04-17T03:13:43.767
2026-04-16T20:13:44.760Z,USV-001,0.0,0.0,0,0,MANUAL,0.0,0.0,15.3,255.5,False,False,OK,0.0,-0.4,-1.8,255.5,0.0,2026-04-17T03:13:44.768
2026-04-16T20:13:45.760Z,USV-001,0.0,0.0,0,0,MANUAL,0.0,0.0,15.1,255.4,False,False,OK,0.0,-0.4,-1.8,255.4,0.0,2026-04-17T03:13:45.768
2026-04-16T20:13:46.760Z,USV-001,0.0,0.0,0,0,MANUAL,0.0,0.0,15.0,255.4,False,False,OK,0.0,-0.4,-1.8,255.4,0.0,2026-04-17T03:13:46.768
2026-04-16T20:13:47.760Z,USV-001,0.0,0.0,0,0,MANUAL,0.0,0.0,15.0,255.4,False,False,OK,0.0,-0.4,-1.8,255.4,0.0,2026-04-17T03:13:47.767
2026-04-16T20:13:48.761Z,USV-001,0.0,0.0,0,0,MANUAL,0.0,0.0,15.1,255.5,False,False,OK,0.0,-0.4,-1.8,255.5,0.0,2026-04-17T03:13:48.770
2026-04-16T20:13:49.760Z,USV-001,0.0,0.0,0,0,MANUAL,0.0,0.0,14.9,255.5,False,False,OK,0.0,-0.4,-1.8,255.5,0.0,2026-04-17T03:13:49.767
2026-04-16T20:13:50.760Z,USV-001,0.0,0.0,0,0,MANUAL,0.0,0.0,15.2,255.6,False,False,OK,0.0,-0.4,-1.8,255.6,0.0,2026-04-17T03:13:50.768
2026-04-16T20:13:51.760Z,USV-001,0.0,0.0,0,0,MANUAL,0.0,0.0,15.0,255.5,False,False,OK,0.0,-0.4,-1.8,255.5,0.0,2026-04-17T03:13:51.767
2026-04-16T20:13:52.760Z,USV-001,0.0,0.0,0,0,MANUAL,0.0,0.0,15.1,255.5,False,False,OK,0.0,-0.4,-1.8,255.5,0.0,2026-04-17T03:13:52.767
2026-04-16T20:13:53.760Z,USV-001,0.0,0.0,0,0,MANUAL,0.0,0.0,15.3,255.5,False,False,OK,0.0,-0.4,-1.8,255.5,0.0,2026-04-17T03:13:53.767
2026-04-16T20:13:54.760Z,USV-001,0.0,0.0,0,0,MANUAL,0.0,0.0,15.0,255.6,False,False,OK,0.0,-0.4,-1.8,255.6,0.0,2026-04-17T03:13:54.767
2026-04-16T20:13:55.760Z,USV-001,0.0,0.0,0,0,MANUAL,0.0,0.0,15.2,255.5,False,False,OK,0.0,-0.4,-1.8,255.5,0.0,2026-04-17T03:13:55.767
2026-04-16T20:13:56.760Z,USV-001,0.0,0.0,0,0,MANUAL,0.0,0.0,15.2,255.5,False,False,OK,0.0,-0.4,-1.8,255.5,0.0,2026-04-17T03:13:56.767
2026-04-16T20:13:57.760Z,USV-001,0.0,0.0,0,0,MANUAL,0.0,0.0,15.2,255.5,False,False,OK,0.0,-0.4,-1.8,255.5,0.0,2026-04-17T03:13:57.764
2026-04-16T20:13:58.760Z,USV-001,0.0,0.0,0,0,MANUAL,0.0,0.0,15.2,255.5,False,False,OK,0.0,-0.4,-1.8,255.5,0.0,2026-04-17T03:13:58.767
2026-04-16T20:13:59.760Z,USV-001,0.0,0.0,0,0,MANUAL,0.0,0.0,15.0,255.6,False,False,OK,0.0,-0.4,-1.8,255.6,0.0,2026-04-17T03:13:59.768
2026-04-16T20:14:00.760Z,USV-001,0.0,0.0,0,0,MANUAL,0.0,0.0,15.1,255.6,False,False,OK,0.0,-0.4,-1.8,255.6,0.0,2026-04-17T03:14:00.768
2026-04-16T20:14:01.760Z,USV-001,0.0,0.0,0,0,MANUAL,0.0,0.0,15.1,255.7,False,False,OK,0.0,-0.4,-1.8,255.7,0.0,2026-04-17T03:14:01.767
2026-04-16T20:14:02.760Z,USV-001,0.0,0.0,0,0,MANUAL,0.0,0.0,15.2,255.7,False,False,OK,0.0,-0.4,-1.8,255.7,0.0,2026-04-17T03:14:02.768
2026-04-16T20:14:03.760Z,USV-001,0.0,0.0,0,0,MANUAL,0.0,0.0,15.1,255.7,False,False,OK,0.0,-0.4,-1.8,255.7,0.0,2026-04-17T03:14:03.767
2026-04-16T20:14:04.760Z,USV-001,0.0,0.0,0,0,MANUAL,0.0,0.0,15.1,255.7,False,False,OK,0.0,-0.4,-1.8,255.7,0.0,2026-04-17T03:14:04.767
2026-04-16T20:14:05.760Z,USV-001,0.0,0.0,0,0,MANUAL,0.0,0.0,14.8,255.7,False,False,OK,0.0,-0.4,-1.8,255.7,0.0,2026-04-17T03:14:05.768
2026-04-16T20:14:06.761Z,USV-001,0.0,0.0,0,0,MANUAL,0.0,0.0,15.1,255.7,False,False,OK,0.0,-0.4,-1.8,255.7,0.0,2026-04-17T03:14:06.769
2026-04-16T20:14:07.761Z,USV-001,0.0,0.0,0,0,MANUAL,0.0,0.0,15.2,255.6,False,False,OK,0.0,-0.4,-1.8,255.6,0.0,2026-04-17T03:14:07.768
2026-04-16T20:14:08.761Z,USV-001,0.0,0.0,0,0,MANUAL,0.0,0.0,15.1,255.6,False,False,OK,0.0,-0.4,-1.8,255.6,0.0,2026-04-17T03:14:08.768
2026-04-16T20:14:09.761Z,USV-001,0.0,0.0,0,0,MANUAL,0.0,0.0,15.2,255.6,False,False,OK,0.0,-0.4,-1.8,255.6,0.0,2026-04-17T03:14:09.769
2026-04-16T20:14:10.761Z,USV-001,0.0,0.0,0,0,MANUAL,0.0,0.0,15.1,255.6,False,False,OK,0.0,-0.4,-1.8,255.6,0.0,2026-04-17T03:14:10.769
2026-04-16T20:14:11.761Z,USV-001,0.0,0.0,0,0,MANUAL,0.0,0.0,15.2,255.5,False,False,OK,0.0,-0.4,-1.8,255.5,0.0,2026-04-17T03:14:11.769
2026-04-16T20:14:12.761Z,USV-001,0.0,0.0,0,0,MANUAL,0.0,0.0,15.1,255.4,False,False,OK,0.0,-0.4,-1.8,255.4,0.0,2026-04-17T03:14:12.767
